rep,subj_n,b1,parameter,Estimate,Est.Error,Q2.5,Q97.5
1,100,0.15,Intercept,-0.18631785890893704,0.5927747876379293,-1.3338823875,1.0021815799999998
1,100,0.15,groupembodied,-0.24753835524235376,0.31938397858734546,-0.8706182495,0.3834210309999999
1,100,0.15,pre_score_z,0.6006274094575,0.14119555984819776,0.329215409,0.88064206125
1,100,0.4,Intercept,0.20431793967179623,0.4473263772675104,-0.6865838285,1.1015329824999998
1,100,0.4,groupembodied,0.3192829759775818,0.31762654339051927,-0.30462633575,0.9489804004999995
1,100,0.4,pre_score_z,0.16162711732545196,0.12805204241227733,-0.09002787354999997,0.40723877674999986
1,100,0.87,Intercept,0.10284301373998514,0.4272614982562633,-0.7480457959999999,0.9482178284999997
1,100,0.87,groupembodied,0.92952100483655,0.27009802192281757,0.396054615,1.4685772899999998
1,100,0.87,pre_score_z,0.20634894574302462,0.13344117885011722,-0.054893527775,0.4702263447499998
1,100,1.39,Intercept,0.27579129923399526,0.6117466170726952,-0.9545947795,1.489970919999999
1,100,1.39,groupembodied,1.18840873456875,0.32410676843652253,0.567965487,1.8331905824999994
1,100,1.39,pre_score_z,0.1933687329588791,0.16419910665183335,-0.12685512475,0.523125257
1,150,0.15,Intercept,0.2668465178372385,0.4983605276346759,-0.744274486,1.2292976175
1,150,0.15,groupembodied,0.2827581906437536,0.2864806212241054,-0.280376258,0.8454069705
1,150,0.15,pre_score_z,0.332911333706475,0.12694801476731069,0.085898495675,0.5860782874999998
1,150,0.4,Intercept,0.14736195070678124,0.41732687615853487,-0.66721775175,0.9938479367499998
1,150,0.4,groupembodied,0.29117118580301576,0.274451974994162,-0.259667695,0.8307788147499998
1,150,0.4,pre_score_z,0.24785453623026749,0.10874290215673788,0.03883635775000001,0.4681113409999999
1,150,0.87,Intercept,0.6914038952164875,0.5533684552760291,-0.44779500149999996,1.7706201249999998
1,150,0.87,groupembodied,0.5834198010658932,0.27088888647154546,0.04976060967500001,1.1138667524999994
1,150,0.87,pre_score_z,0.357934027425425,0.12188265057663085,0.11745384325,0.60153968225
1,150,1.39,Intercept,-0.07623147711796752,0.5111859195261195,-1.0991276625000002,0.9592364009999998
1,150,1.39,groupembodied,1.227401037555,0.23123593860702044,0.78022394175,1.6739767149999998
1,150,1.39,pre_score_z,0.24503602788861625,0.1103073141510949,0.037898335475,0.46485300949999986
1,200,0.15,Intercept,-0.23549381560872998,0.5046919079128751,-1.245829415,0.7703646242499997
1,200,0.15,groupembodied,0.32814851536705714,0.19715002564896966,-0.06005328579999999,0.7157223987499999
1,200,0.15,pre_score_z,0.19796139029955,0.08542003391492783,0.033776951300000004,0.3646771525
1,200,0.4,Intercept,-0.8624644580285638,0.5107366737393341,-1.86130284,0.15481345174999997
1,200,0.4,groupembodied,0.5936368344403362,0.22038837859155289,0.16385606325,1.0326868299999998
1,200,0.4,pre_score_z,0.435914541929625,0.10312897998514599,0.23587734925,0.642104196
1,200,0.87,Intercept,0.019486440965057496,0.37132211855967473,-0.72887850775,0.7606482914999999
1,200,0.87,groupembodied,0.7443621266789625,0.22376920266351316,0.30346014600000004,1.1895826925
1,200,0.87,pre_score_z,0.393342029867075,0.112670184164901,0.171993366,0.6145948564999998
1,200,1.39,Intercept,-0.5152048440165288,0.3541724952496882,-1.2114054125,0.17681094399999991
1,200,1.39,groupembodied,1.30401082501,0.22471831663982733,0.85267596225,1.7540165325
1,200,1.39,pre_score_z,0.45762881944925,0.09128274927379314,0.27985751175,0.6375762977499998
2,100,0.15,Intercept,-0.38498887095358914,0.3168166103400153,-1.02058047,0.2521615922499998
2,100,0.15,groupembodied,0.46819961071688776,0.2580541932802951,-0.038929098324999994,0.9732402214999999
2,100,0.15,pre_score_z,0.520106151881125,0.13324186932131005,0.26995378625,0.791470519
2,100,0.4,Intercept,0.29177305178848684,0.5645012402894881,-0.8191207282499999,1.443739935
2,100,0.4,groupembodied,0.389526242576575,0.30236880875273087,-0.21271065925000002,0.98694121225
2,100,0.4,pre_score_z,-0.04913456407110513,0.1478911571295471,-0.33951521700000004,0.24077634124999986
2,100,0.87,Intercept,-0.7014968070578625,0.5296192639479855,-1.7683332600000001,0.3509289494999998
2,100,0.87,groupembodied,0.7881799335455875,0.26131996316187217,0.281385601,1.3125292425000001
2,100,0.87,pre_score_z,0.23043687061611587,0.15065270019420682,-0.064283163,0.5259022067499999
2,100,1.39,Intercept,0.44668409140807913,0.2964233571314852,-0.135083705,1.0501949299999997
2,100,1.39,groupembodied,1.108810190487125,0.28503273243234956,0.55976579175,1.6810909074999998
2,100,1.39,pre_score_z,0.43504742173396876,0.13836228831066155,0.16134804925,0.7077412224999999
2,150,0.15,Intercept,0.7720994549140338,0.3708960108403425,0.03857728202500001,1.4881706224999998
2,150,0.15,groupembodied,0.022752817269393124,0.3025873250470691,-0.5731191772500001,0.62347064325
2,150,0.15,pre_score_z,0.257553065097694,0.1278897379144518,0.012052763200000007,0.5118597617499999
2,150,0.4,Intercept,-0.18162157720715846,0.5542662848655219,-1.2691427949999998,0.9291777292499985
2,150,0.4,groupembodied,0.5744642524741512,0.28424598782899957,0.020509740475000027,1.1430871149999997
2,150,0.4,pre_score_z,0.242946813328636,0.11372081062644834,0.016485908925000004,0.46525793799999987
2,150,0.87,Intercept,-0.3714067449875825,0.4939936308787107,-1.3651135274999997,0.5923363377499976
2,150,0.87,groupembodied,0.5040628542426787,0.25240118254350585,0.012449611225000054,1.0004819749999998
2,150,0.87,pre_score_z,0.2788979084089676,0.10805083678880201,0.0691357782,0.4930613379999998
2,150,1.39,Intercept,-0.31595733526088565,0.5826069872726434,-1.4555938549999998,0.8454845954999999
2,150,1.39,groupembodied,0.9642565545873125,0.27710108883990275,0.40449549975,1.4862611875
2,150,1.39,pre_score_z,0.2890436628915275,0.1056676530422108,0.07875715397500001,0.49656514949999997
2,200,0.15,Intercept,-0.22042740015027273,0.49912018178010636,-1.225560695,0.7634793259999997
2,200,0.15,groupembodied,0.0434080473085043,0.2098479555079382,-0.37788841500000003,0.4502581329999997
2,200,0.15,pre_score_z,0.2419735564783725,0.1028389005446952,0.042208046975,0.4443140945
2,200,0.4,Intercept,-0.672859858579935,0.5065805335423832,-1.684217115,0.3619644859999993
2,200,0.4,groupembodied,0.367575386824498,0.24636230799783274,-0.11216349899999999,0.8441907234999999
2,200,0.4,pre_score_z,0.16131737032984825,0.09832698904796551,-0.026823046649999984,0.35443902024999996
2,200,0.87,Intercept,0.712205615826975,0.40739736918228914,-0.11633840699999996,1.4969698499999997
2,200,0.87,groupembodied,1.024098126537625,0.24399009990575887,0.542986865,1.5104581824999999
2,200,0.87,pre_score_z,0.27687370275012274,0.12127187625736698,0.038182985425,0.516378256
2,200,1.39,Intercept,0.6186233964012813,0.5077929113031642,-0.42075584174999997,1.5952376449999996
2,200,1.39,groupembodied,1.2266310453920124,0.22896481991479278,0.7930849219999999,1.6923977574999998
2,200,1.39,pre_score_z,0.23939402415572575,0.1002124817177123,0.04570812552500002,0.4420875539999999
3,100,0.15,Intercept,0.06286859150379748,0.6733358591040517,-1.3031668049999998,1.3872811224999997
3,100,0.15,groupembodied,0.21043178751477754,0.29514357340761077,-0.37685067324999993,0.7707718459999996
3,100,0.15,pre_score_z,0.2565412863749921,0.14051471599473145,-0.010765912274999997,0.53729535325
3,100,0.4,Intercept,-0.6307787649171938,0.6118414282236021,-1.8426147425000001,0.5975745339999997
3,100,0.4,groupembodied,0.6885931078499378,0.313594582394741,0.062063620225000025,1.2972384525
3,100,0.4,pre_score_z,0.2522636828626025,0.1345364125033137,-0.012558319174999999,0.5144722619999998
3,100,0.87,Intercept,0.37974252429001315,0.42852599137065084,-0.48885526799999995,1.2177736824999998
3,100,0.87,groupembodied,0.42662140395995374,0.28384399697375573,-0.13994217025,0.9775759547499997
3,100,0.87,pre_score_z,0.5772490387825,0.11985795014066167,0.34552662,0.81912883675
3,100,1.39,Intercept,0.48859178670986375,0.5227436575972825,-0.5635089287499999,1.5316405299999998
3,100,1.39,groupembodied,0.8599394828686125,0.3598681507562318,0.11375511675,1.5614842225000003
3,100,1.39,pre_score_z,0.198445442395964,0.1605314786386182,-0.11177304674999998,0.5215305095
3,150,0.15,Intercept,-0.1457353157655902,0.4494205293211488,-1.022483165,0.761200705
3,150,0.15,groupembodied,0.0540060823097245,0.22376902923976458,-0.38358587974999997,0.49590638674999993
3,150,0.15,pre_score_z,0.16026900229992663,0.09747352207259895,-0.028338492524999995,0.3549989745
3,150,0.4,Intercept,0.12644875754593277,0.5681084818744958,-0.9806743759999998,1.24462742
3,150,0.4,groupembodied,0.5074209604797034,0.2570236923637317,0.003428362147500009,1.0049179699999993
3,150,0.4,pre_score_z,0.07072801369818063,0.12848140462154978,-0.174588422,0.3278746644999999
3,150,0.87,Intercept,0.09921490513915249,0.45845308721092753,-0.8383298545,0.9958155392499994
3,150,0.87,groupembodied,0.7548959366973625,0.27522149672255036,0.23227764725,1.2999377424999998
3,150,0.87,pre_score_z,0.43181029056715,0.13205296467511626,0.17709488475,0.6881903074999997
3,150,1.39,Intercept,-0.006848847027037505,0.5551515715792117,-1.1347543850000001,1.0580700599999993
3,150,1.39,groupembodied,1.32217182407625,0.26296837105150334,0.808126962,1.8518758149999996
3,150,1.39,pre_score_z,0.2906274924560625,0.12325822647883594,0.044350772200000006,0.53163051175
3,200,0.15,Intercept,-0.19021673704628125,0.3206211442025495,-0.82203562375,0.4458100774999999
3,200,0.15,groupembodied,0.2920517842766058,0.24029958862026907,-0.17803178674999998,0.77624484125
3,200,0.15,pre_score_z,0.3243589360162875,0.09687200481502502,0.13578676750000002,0.5172698172499999
3,200,0.4,Intercept,0.3259113341237131,0.4859538367288063,-0.6427678440000001,1.2967037799999992
3,200,0.4,groupembodied,0.17104909459072612,0.23389370066304432,-0.29418753124999997,0.6315029392499998
3,200,0.4,pre_score_z,0.30191677060364625,0.10435371767036444,0.097707021775,0.5083018724999999
3,200,0.87,Intercept,-0.28411022534470326,0.5023784949507958,-1.322870045,0.698118935499999
3,200,0.87,groupembodied,1.04861954534025,0.20016071566189403,0.65783245675,1.4547785475
3,200,0.87,pre_score_z,0.37497559245975,0.09356839754973781,0.19406973775000003,0.5607498402499999
3,200,1.39,Intercept,-0.01755066303127412,0.4403016658389826,-0.9039163072499999,0.8540563722499994
3,200,1.39,groupembodied,1.6816147575275,0.29066111973510267,1.1014709125,2.2615869875
3,200,1.39,pre_score_z,0.36425923544237876,0.12000779395518155,0.13432408575,0.6033747929999996
4,100,0.15,Intercept,0.17428411167623903,0.5335940932646246,-0.8803473642499999,1.2394490275
4,100,0.15,groupembodied,-0.229883129503995,0.2743919504343443,-0.7788429217499999,0.31152179049999984
4,100,0.15,pre_score_z,0.1523511110913032,0.1323765869975111,-0.10698108699999999,0.4101170935
4,100,0.4,Intercept,-0.94504787789509,0.472548171807613,-1.888271015,-0.0020205358750000654
4,100,0.4,groupembodied,0.7617860913599959,0.3411539241399328,0.052481948850000015,1.4122025124999997
4,100,0.4,pre_score_z,0.16767160367943476,0.11742854752665816,-0.06360849682499999,0.39886713249999994
4,100,0.87,Intercept,-0.20431628507042263,0.44760900652149793,-1.1041640449999999,0.6519376489999997
4,100,0.87,groupembodied,0.6962305944889388,0.2603242448384398,0.19191099299999997,1.2162434824999997
4,100,0.87,pre_score_z,0.602738266085,0.1297782651111479,0.35038176975,0.8560122822499999
4,100,1.39,Intercept,0.3414374491850225,0.5424784300800198,-0.7493423665,1.4287472099999998
4,100,1.39,groupembodied,1.2464610008349999,0.32190177681702276,0.59933230325,1.87594742
4,100,1.39,pre_score_z,0.2378805467278896,0.15836777824277057,-0.06542251164999999,0.5562528734999994
4,150,0.15,Intercept,-0.14114539112190874,0.6682232286646576,-1.498117955,1.1862693949999996
4,150,0.15,groupembodied,0.021671698741479624,0.2517466613068856,-0.4873032515,0.50018921725
4,150,0.15,pre_score_z,0.24938860718231137,0.11907407082312325,0.014635536300000009,0.485505042
4,150,0.4,Intercept,0.2500514870544913,0.5661936511652897,-0.9162114459999999,1.3290787875
4,150,0.4,groupembodied,0.3442039195143161,0.25407205439446084,-0.16309261625,0.8463789902499999
4,150,0.4,pre_score_z,0.3129676493787375,0.106169366129851,0.1071415955,0.5275472534999998
4,150,0.87,Intercept,0.17214784384246623,0.4938227939820796,-0.8719318044999999,1.1475607124999985
4,150,0.87,groupembodied,1.1064847164051874,0.30881526551035615,0.4967938135,1.7168283299999998
4,150,0.87,pre_score_z,0.2948970103854038,0.12097279875238569,0.058066389875,0.5325807572499999
4,150,1.39,Intercept,-0.2850411370532033,0.4290758936221718,-1.1599608700000001,0.5581703307499999
4,150,1.39,groupembodied,1.4548035490075,0.23868084161479056,0.976354076,1.913580605
4,150,1.39,pre_score_z,0.26700366676655124,0.09694060809579325,0.07768511327500001,0.45697161999999986
4,200,0.15,Intercept,0.2797173522427175,0.47770847468735717,-0.6856670874999999,1.2153046650000001
4,200,0.15,groupembodied,-0.1122115263417915,0.18060561849374243,-0.46739045674999996,0.24689287574999985
4,200,0.15,pre_score_z,0.218196962225575,0.08513593997261398,0.053999896600000014,0.38301165449999997
4,200,0.4,Intercept,-0.6251926613083388,0.48860027695221525,-1.61568473,0.36087845249999906
4,200,0.4,groupembodied,0.4153825311914175,0.21410032497691486,-3.1730739824998655e-4,0.8511879869999999
4,200,0.4,pre_score_z,0.366502841791875,0.08762785574185152,0.19393043999999998,0.5379230075
4,200,0.87,Intercept,0.4457928888294198,0.558221515912993,-0.6818187309999999,1.5437410749999996
4,200,0.87,groupembodied,0.57188154121867,0.22893109545154083,0.12798192725000002,1.021944335
4,200,0.87,pre_score_z,0.3096886201895875,0.09477058570389807,0.128876037,0.49989492224999993
4,200,1.39,Intercept,-0.05241523622837877,0.39925408158762293,-0.8717451515000001,0.7302423629999999
4,200,1.39,groupembodied,1.36722176679125,0.20957874803713647,0.95529726075,1.7844677725
4,200,1.39,pre_score_z,0.3511840214705125,0.10132850634735101,0.15615215924999998,0.5553042174999999
5,100,0.15,Intercept,-0.5592288377342811,0.52222637266923,-1.59339872,0.4884541659999999
5,100,0.15,groupembodied,0.06622435453077374,0.23960059848913126,-0.40524526099999997,0.5432426309999997
5,100,0.15,pre_score_z,0.40616730459415,0.11700693715579433,0.17586706725000004,0.64225760425
5,100,0.4,Intercept,-0.7261209874591,0.6874758474295899,-2.1260051525,0.6421657502499989
5,100,0.4,groupembodied,0.7408380208409563,0.3433807124601194,0.0613965933,1.4119463374999999
5,100,0.4,pre_score_z,0.21433087753896773,0.12735941512744087,-0.031924121475,0.46565075349999996
5,100,0.87,Intercept,-0.3099994554031255,0.4903096406122045,-1.3184144775,0.627911471999999
5,100,0.87,groupembodied,0.791118348605535,0.3011346572941814,0.19917859275000002,1.395882165
5,100,0.87,pre_score_z,0.19431530092043,0.14056242688322673,-0.07694144345,0.473481331
5,100,1.39,Intercept,-0.9580485631135854,0.573304473848526,-2.09542831,0.17812853624999886
5,100,1.39,groupembodied,1.45876229945875,0.29704096790658213,0.87297206375,2.0289511974999987
5,100,1.39,pre_score_z,0.389982127783125,0.12057247335528519,0.15843209525000002,0.6331556162499997
5,150,0.15,Intercept,-0.4631155210733114,0.46213291651233995,-1.3680332675,0.4549544379999996
5,150,0.15,groupembodied,0.11358257144373737,0.25468416367317337,-0.40155228849999997,0.61506839875
5,150,0.15,pre_score_z,0.36411177289585,0.11022995817701056,0.15124426824999998,0.5818496327499999
5,150,0.4,Intercept,-0.6935489154007862,0.290081134049138,-1.2715330175000001,-0.12536628025000007
5,150,0.4,groupembodied,0.7198073764816875,0.23961242940320532,0.24349009625,1.1912287599999998
5,150,0.4,pre_score_z,0.419639030720625,0.10665216771381501,0.21281303275000002,0.6341867792499999
5,150,0.87,Intercept,0.6062873067827005,0.4077048516106572,-0.19913830999999996,1.4176295825
5,150,0.87,groupembodied,0.5726955198877363,0.23949200539864696,0.11037349275,1.0366546649999997
5,150,0.87,pre_score_z,0.25681971233763,0.10574535198511567,0.05506137910000001,0.46662231024999984
5,150,1.39,Intercept,0.2267264339923487,0.4923294071892234,-0.7608622125,1.194346854999999
5,150,1.39,groupembodied,1.218786131556625,0.2743764605055993,0.665726915,1.7521944099999995
5,150,1.39,pre_score_z,0.447422892752075,0.12038185115302572,0.21448048175000003,0.6822685607499999
5,200,0.15,Intercept,0.603711347384145,0.4862446411363341,-0.35090720025,1.5693802724999992
5,200,0.15,groupembodied,0.07761767523411675,0.20910703876031686,-0.33546923074999996,0.4840825874999997
5,200,0.15,pre_score_z,0.14339432601743451,0.09926822659829496,-0.05141161555,0.33675547825
5,200,0.4,Intercept,-0.06964262803802126,0.6433844591622507,-1.3338191074999999,1.2200152374999986
5,200,0.4,groupembodied,0.398430400959095,0.22682877578129412,-0.06306241622499999,0.8393617529999998
5,200,0.4,pre_score_z,0.3737174121442475,0.11675219675864927,0.15367747,0.6015910639999998
5,200,0.87,Intercept,-0.15322965687648377,0.4582310801906005,-1.0588000725000002,0.7427310239999991
5,200,0.87,groupembodied,1.0944800483725,0.2282570816025167,0.64512609825,1.5444613649999999
5,200,0.87,pre_score_z,0.382203773566,0.1074818732104039,0.17515004374999998,0.5962295907499998
5,200,1.39,Intercept,-0.2507298954561054,0.3886328280852267,-1.0579593925,0.5072666559999996
5,200,1.39,groupembodied,1.21875360286,0.224306683645191,0.76638568925,1.6522827299999996
5,200,1.39,pre_score_z,0.128278147568755,0.08766214389180721,-0.045597848600000004,0.30035091099999994
6,100,0.15,Intercept,-0.9417926573815056,0.7249435928480353,-2.36970849,0.5053542484999991
6,100,0.15,groupembodied,0.03478205915969089,0.30082125521132164,-0.56163578575,0.6350396415
6,100,0.15,pre_score_z,0.2960553195509625,0.13096037044384054,0.043477799075,0.560534937
6,100,0.4,Intercept,-0.023267235183751248,0.4756297438825754,-0.973824912,0.9150095544999992
6,100,0.4,groupembodied,0.4103800868052145,0.28343559864918316,-0.142058955,0.9666376939999998
6,100,0.4,pre_score_z,0.311587402557545,0.1470287702981481,0.029310864175000007,0.6109993452499999
6,100,0.87,Intercept,-0.5934840989693437,0.39481799181917493,-1.3596994475,0.19015657299999966
6,100,0.87,groupembodied,0.49762309684482237,0.2546922733466187,-0.008704542654999993,1.0085750724999998
6,100,0.87,pre_score_z,0.2530784990799175,0.13070418483330284,-0.0021071919949999965,0.5196560652499999
6,100,1.39,Intercept,-0.4345700499810818,0.5299551257692156,-1.494292335,0.6255283632499998
6,100,1.39,groupembodied,1.289306268067625,0.2990722607533189,0.6901965565000001,1.8684218624999998
6,100,1.39,pre_score_z,0.19403561900007463,0.12144166474297845,-0.04264381872499999,0.4371968572499999
6,150,0.15,Intercept,-0.8798621971374487,0.625668604468314,-2.1175881175,0.3691544839999998
6,150,0.15,groupembodied,0.2903322033125758,0.27713823028886225,-0.26127556949999997,0.8393482084999997
6,150,0.15,pre_score_z,0.5483369347659875,0.12574701506253172,0.30723633325,0.80005500925
6,150,0.4,Intercept,-0.07276976344730461,0.32501271057065506,-0.7231722302499999,0.57739214825
6,150,0.4,groupembodied,0.30056053387338816,0.2787726960387066,-0.24424743624999998,0.8582600942499998
6,150,0.4,pre_score_z,0.12203622031938938,0.12317923087860903,-0.11909555449999999,0.3688542252499996
6,150,0.87,Intercept,-0.16206456326871999,0.39299100666508335,-0.92630316,0.6335123802499999
6,150,0.87,groupembodied,0.621341931460375,0.24170446917204738,0.14499111650000002,1.0992023149999997
6,150,0.87,pre_score_z,0.1441495795606801,0.10190907623900644,-0.05613904857499999,0.34263289099999994
6,150,1.39,Intercept,-0.24224153136932025,0.49884554817390725,-1.25784369,0.7413767667499995
6,150,1.39,groupembodied,1.3496374404575,0.26451815592574196,0.8285733205000001,1.8684763674999996
6,150,1.39,pre_score_z,0.1287185337311955,0.12269240464979943,-0.10800322749999999,0.3731378642499999
6,200,0.15,Intercept,0.07332270032592526,0.3553986827478699,-0.65894599175,0.7692109884999998
6,200,0.15,groupembodied,0.4524674528032875,0.20171048306598122,0.05454801585,0.8528035525
6,200,0.15,pre_score_z,0.21274983497358624,0.09692684591614946,0.024776324250000006,0.4077742759999999
6,200,0.4,Intercept,0.0781940665975417,0.4569173450516177,-0.841939864,1.0042836899999996
6,200,0.4,groupembodied,-0.07703213310024191,0.2102715877788408,-0.48709330949999996,0.3390477525
6,200,0.4,pre_score_z,0.1512464794817885,0.09015856880182978,-0.0239559174,0.32794551699999985
6,200,0.87,Intercept,-0.09006535112570525,0.405182131698416,-0.90829568825,0.69507239775
6,200,0.87,groupembodied,1.059224452125125,0.23268688801447576,0.5911713930000001,1.5140203774999996
6,200,0.87,pre_score_z,0.322613912183025,0.09244069741215366,0.14342047824999998,0.5071439972499999
6,200,1.39,Intercept,-0.4993055347036738,0.3651794513239483,-1.2323957700000001,0.23583978599999914
6,200,1.39,groupembodied,1.263636665577125,0.23906747229518177,0.78396495575,1.727742335
6,200,1.39,pre_score_z,0.28165598777345374,0.09074114641407532,0.09980852602500001,0.4567208585
7,100,0.15,Intercept,-0.2719377907315649,0.4753926660459588,-1.2127638375,0.6881581327499987
7,100,0.15,groupembodied,-0.10024864904905975,0.2911364929055219,-0.668844156,0.4756170559999994
7,100,0.15,pre_score_z,0.19848502612396224,0.1189845924497698,-0.033025620199999994,0.4316457564999999
7,100,0.4,Intercept,-0.44330305515456864,0.4071976296144173,-1.2830319975,0.3355877497499997
7,100,0.4,groupembodied,0.6281090303669312,0.2394746415489095,0.15266974675000006,1.1054209324999997
7,100,0.4,pre_score_z,0.35561129301787,0.1216578582642947,0.118069871,0.592305903
7,100,0.87,Intercept,-0.567562879217047,0.4387778228004956,-1.4491750824999998,0.29798412849999995
7,100,0.87,groupembodied,0.6355329203204813,0.2918496978661854,0.046854407325000055,1.1963863649999997
7,100,0.87,pre_score_z,0.487454090702825,0.14670886595899693,0.20213427275,0.7788923087499999
7,100,1.39,Intercept,-0.5841068696232817,0.597851932237799,-1.8074602075,0.628339816
7,100,1.39,groupembodied,1.069519381032575,0.3236457217136633,0.40006682250000003,1.680977722499999
7,100,1.39,pre_score_z,0.3000148218379881,0.1349063781518834,0.03182251695000002,0.5668832247499999
7,150,0.15,Intercept,-0.44355712838883266,0.5629088756480264,-1.5695708775000001,0.6875340877499996
7,150,0.15,groupembodied,0.31846120874510486,0.2756913768642503,-0.21539806774999998,0.8526796332499991
7,150,0.15,pre_score_z,0.434799358994875,0.10993061128188214,0.22463720050000002,0.65521212475
7,150,0.4,Intercept,-0.5111164723390713,0.667143595995726,-1.8357466424999997,0.7874951177499994
7,150,0.4,groupembodied,0.6306661695034375,0.2724412701037079,0.08518250477500004,1.1590018525
7,150,0.4,pre_score_z,0.1383699517194875,0.12676340059903338,-0.11045131999999999,0.38477912325
7,150,0.87,Intercept,-0.3474816558278011,0.5151924273813241,-1.3788442925000002,0.7105925504999997
7,150,0.87,groupembodied,0.4814117729571427,0.22087595822195508,0.04898907322500001,0.9187059009999999
7,150,0.87,pre_score_z,0.4563632291785,0.10243211306961499,0.25905275899999997,0.6590991827499999
7,150,1.39,Intercept,0.30821513427223624,0.5087498555917535,-0.7100270257499999,1.30995831
7,150,1.39,groupembodied,1.1061760269216374,0.23912971507596276,0.61915710425,1.5701802499999995
7,150,1.39,pre_score_z,0.3480886769785625,0.10825579802778401,0.13760627325000002,0.5628401784999999
7,200,0.15,Intercept,0.6565621545130225,0.5753325940124703,-0.49588413875,1.7719310424999992
7,200,0.15,groupembodied,-0.14819558111395786,0.23419109974355484,-0.6300722830000001,0.30699122099999965
7,200,0.15,pre_score_z,0.15487864463604775,0.09439670843887374,-0.031111035674999996,0.3402518287499999
7,200,0.4,Intercept,0.1940972078432486,0.4154510082391927,-0.61752096025,1.0242832149999999
7,200,0.4,groupembodied,0.28033766900908663,0.22280056564127598,-0.15029256275,0.7106641919999999
7,200,0.4,pre_score_z,0.21929533994558126,0.08917679077344619,0.0445143771,0.39440851974999985
7,200,0.87,Intercept,0.500949029971888,0.5828589984294144,-0.6612802324999999,1.6554558799999992
7,200,0.87,groupembodied,0.653641551228585,0.23272403708076023,0.18797002175,1.1079930274999998
7,200,0.87,pre_score_z,0.460278465964875,0.10617384539545448,0.25393432800000004,0.66937768175
7,200,1.39,Intercept,0.23237349174495,0.722032256568376,-1.2357335249999999,1.644873184999998
7,200,1.39,groupembodied,1.41018221013775,0.2843566478105384,0.8314834065,1.9580842499999997
7,200,1.39,pre_score_z,0.19701843083949624,0.10574339727363351,-0.008159040222499997,0.4045492435
8,100,0.15,Intercept,-0.9202888560291238,0.5554951717049114,-2.0164796524999997,0.20041546699999965
8,100,0.15,groupembodied,0.5529210763709701,0.31131232815601984,-0.04510339357499997,1.1538579699999996
8,100,0.15,pre_score_z,0.3914187901847675,0.14935262223984888,0.10197886450000002,0.68882416725
8,100,0.4,Intercept,0.37843711304004574,0.5975134058288194,-0.7950294445,1.575089297499999
8,100,0.4,groupembodied,1.040272933145225,0.32684451446077306,0.39454399900000003,1.687510575
8,100,0.4,pre_score_z,0.031283228632378625,0.18207160941001937,-0.33387935324999996,0.39437950774999997
8,100,0.87,Intercept,-0.44159837860321627,0.4452632929690506,-1.3200553875,0.46482598624999993
8,100,0.87,groupembodied,0.52911698923168,0.27351014546587676,-0.017347939774999988,1.0670201599999998
8,100,0.87,pre_score_z,0.23050061880167624,0.1318485299657141,-0.0298332603,0.4901369817499999
8,100,1.39,Intercept,-0.013916005279946145,0.5341761151872187,-1.0954996125,1.0551348049999996
8,100,1.39,groupembodied,1.413405000467375,0.34895916770433433,0.70792429125,2.0999343624999995
8,100,1.39,pre_score_z,0.34425403450439,0.16082329134667198,0.034241790375,0.667012082
8,150,0.15,Intercept,-0.07438346843648795,0.4358031919781081,-0.94852031475,0.7730161157499994
8,150,0.15,groupembodied,0.5481985484377563,0.2482675512502299,0.058734888375000016,1.0363229799999998
8,150,0.15,pre_score_z,0.4514124975108375,0.12099583733824283,0.21164532375,0.6865317517499998
8,150,0.4,Intercept,-1.1603604721694214,0.5840491851392364,-2.28929757,0.006483226834998632
8,150,0.4,groupembodied,0.8565667032818625,0.2621657920420427,0.348064542,1.3751546224999993
8,150,0.4,pre_score_z,0.55108628539875,0.11633928873956426,0.33358794900000005,0.78666303225
8,150,0.87,Intercept,-0.7017332243834956,0.452913458270251,-1.5741296875000002,0.1680411622499999
8,150,0.87,groupembodied,0.49482397338486,0.259757124944828,-0.017096617924999998,1.0200701549999998
8,150,0.87,pre_score_z,0.3092000061240125,0.10218353670207313,0.11183507825,0.51793634275
8,150,1.39,Intercept,-0.7829579310740262,0.6004610481764625,-2.0062304475,0.3629180424999999
8,150,1.39,groupembodied,1.6001054745425,0.24801998091882327,1.1227053325,2.0866921699999996
8,150,1.39,pre_score_z,0.380454247232675,0.10999463146184335,0.16704362575,0.59423233825
8,200,0.15,Intercept,0.28848961930034117,0.46631780608018497,-0.6548695259999999,1.1927924224999993
8,200,0.15,groupembodied,0.27995077899960197,0.19712655301474452,-0.10615693725,0.6639452002499999
8,200,0.15,pre_score_z,0.428168468638125,0.1018771472897145,0.22939772275,0.6261366304999993
8,200,0.4,Intercept,0.24360075539175688,0.3595939890930884,-0.46192115575000003,0.9564584924999998
8,200,0.4,groupembodied,0.26384072555982,0.19570116592751116,-0.12695427799999998,0.6432588289999999
8,200,0.4,pre_score_z,0.3632571651765,0.08299031943148855,0.20437756,0.5326325685000001
8,200,0.87,Intercept,-0.41622808381103626,0.49246183283725653,-1.4150285775,0.559566746
8,200,0.87,groupembodied,0.6412146853274875,0.20577205344756677,0.24240322725,1.0475845474999992
8,200,0.87,pre_score_z,0.51740617292625,0.09163534795171968,0.33633127674999996,0.6972382452499999
8,200,1.39,Intercept,0.4417882221579309,0.5046218782279255,-0.5626998165,1.4619602449999998
8,200,1.39,groupembodied,0.904353081293375,0.20763632714987587,0.4833043655,1.3178464124999998
8,200,1.39,pre_score_z,0.356725918683625,0.09524518778655744,0.168636655,0.5499583549999999
9,100,0.15,Intercept,0.03965075570562623,0.6212433082716964,-1.1848544225,1.2717027674999999
9,100,0.15,groupembodied,-4.085510585062499e-4,0.294396904596486,-0.576775387,0.5881924057499999
9,100,0.15,pre_score_z,0.3579817958358375,0.13757850002309988,0.09183326042500001,0.6360796774999999
9,100,0.4,Intercept,0.4079373444234437,0.5019220355020569,-0.576188044,1.4498211324999997
9,100,0.4,groupembodied,0.1672322184701425,0.28952474238851866,-0.41573013524999997,0.7406042359999999
9,100,0.4,pre_score_z,0.15494204032960013,0.14721817360482775,-0.12806314475,0.4465191799999999
9,100,0.87,Intercept,0.2140174031908235,0.5311515704148481,-0.8396094512500001,1.266505455
9,100,0.87,groupembodied,0.6429830046555888,0.30566787759433084,0.05513639157500001,1.23828808
9,100,0.87,pre_score_z,0.45864997289945,0.14974224104879408,0.17227070525000002,0.7560703177499998
9,100,1.39,Intercept,0.35254467005017087,0.47750363090803355,-0.5874763749999999,1.3125265824999999
9,100,1.39,groupembodied,0.9023961951897875,0.2583492241458229,0.37130593700000003,1.4134571249999999
9,100,1.39,pre_score_z,0.22768489132975375,0.11502287842057372,-3.411631347499965e-4,0.45298569574999986
9,150,0.15,Intercept,-0.6710078518045175,0.6826661154125291,-2.046979595,0.679242234249999
9,150,0.15,groupembodied,0.1685648315288525,0.27779838686666297,-0.37787102349999996,0.7273479944999999
9,150,0.15,pre_score_z,0.32303360169700623,0.1306773006559624,0.07141681632500003,0.5829012274999995
9,150,0.4,Intercept,0.027511839466306247,0.5248410738062305,-1.0230927225,1.0833659124999988
9,150,0.4,groupembodied,0.075699154580569,0.22097434220155313,-0.34849501549999995,0.5132028389999999
9,150,0.4,pre_score_z,0.3010905091856075,0.10562290035101168,0.09489440615,0.5104185747499999
9,150,0.87,Intercept,-0.05378891984695747,0.5350275348815962,-1.14659774,1.0061288724999966
9,150,0.87,groupembodied,0.365042136021745,0.2368471600151164,-0.10165574699999999,0.83435505775
9,150,0.87,pre_score_z,0.5777810502075,0.11926964597140503,0.350074213,0.8185109482499998
9,150,1.39,Intercept,-0.517827136401035,0.3989300178714806,-1.3334222299999998,0.25636652999999926
9,150,1.39,groupembodied,1.473554953785,0.22470014622733314,1.0413776799999999,1.9208902074999996
9,150,1.39,pre_score_z,0.3950804823609125,0.12527233019832656,0.15121278900000001,0.6418088012499998
9,200,0.15,Intercept,-0.11612015372065637,0.3138443023041565,-0.7648409805,0.5021082552499999
9,200,0.15,groupembodied,0.2562239671831695,0.21924395090137164,-0.17357882524999999,0.682736437
9,200,0.15,pre_score_z,0.32824515840185625,0.10594299605182078,0.1186429355,0.5389906812499999
9,200,0.4,Intercept,-0.30553039399950127,0.623218132997844,-1.5575961075,0.9181496784999995
9,200,0.4,groupembodied,0.48036982550181623,0.23344995525429632,0.010203512525,0.9304656834999996
9,200,0.4,pre_score_z,0.32734589178158124,0.11147312692128981,0.11101986000000001,0.5454245482499998
9,200,0.87,Intercept,-0.7304968533163587,0.3376659480183688,-1.4077543674999997,-0.055970556200000285
9,200,0.87,groupembodied,0.9097481786093375,0.2554587934894388,0.3911812455,1.3987106374999996
9,200,0.87,pre_score_z,0.2702889489383875,0.10662105563187298,0.05687946807500001,0.4804124854999999
9,200,1.39,Intercept,-0.36563776706971013,0.31696737343947906,-1.0047241975,0.26925159899999956
9,200,1.39,groupembodied,1.42867861427625,0.191441547946457,1.052891315,1.8030014599999997
9,200,1.39,pre_score_z,0.37627364204525,0.08815976934997612,0.2064676085,0.553086238
10,100,0.15,Intercept,-0.28637167172036254,0.45042859271209246,-1.19336659,0.5896593014999999
10,100,0.15,groupembodied,0.07072962220827775,0.27881991012527574,-0.48817804600000003,0.6295312299999997
10,100,0.15,pre_score_z,0.1868867968721551,0.1275444767272317,-0.06440579152499999,0.43958830325
10,100,0.4,Intercept,-0.15949908639797503,0.40321896361670406,-0.9601998742500001,0.6389586602499994
10,100,0.4,groupembodied,0.6253107857221375,0.28459353908351653,0.07189888245000002,1.1910810425
10,100,0.4,pre_score_z,0.11641605703227269,0.1317811054611205,-0.138317723,0.37488367525
10,100,0.87,Intercept,-0.14960304903674923,0.5530247195508727,-1.2666319824999999,0.9155284479999993
10,100,0.87,groupembodied,1.17566305495,0.28322444110636436,0.6190440005000001,1.7407278499999999
10,100,0.87,pre_score_z,0.27240443778925877,0.12561694736874093,0.029107539825,0.5224018217499999
10,100,1.39,Intercept,-0.8616980277271138,0.38035693206168353,-1.6057129824999998,-0.07911600725000012
10,100,1.39,groupembodied,1.37668930279,0.28505035633012527,0.8165454260000001,1.9372184974999995
10,100,1.39,pre_score_z,0.3323053017489125,0.12484625175711705,0.092213267,0.5845653295000001
10,150,0.15,Intercept,0.07164900552826875,0.33104600980814863,-0.57681571,0.7454742954999997
10,150,0.15,groupembodied,0.16988396404304826,0.2467201981043284,-0.30990113775,0.6539722214999997
10,150,0.15,pre_score_z,0.3750570162528875,0.11640731170804859,0.1527520665,0.6061187599999998
10,150,0.4,Intercept,-0.36022537194576704,0.6284371009511394,-1.6038432775000002,0.9275571924999998
10,150,0.4,groupembodied,0.5252530097999225,0.2468048879729543,0.04175514787500001,1.0160318749999997
10,150,0.4,pre_score_z,0.39560436081093747,0.10870851632393362,0.18091197400000003,0.6092993232499998
10,150,0.87,Intercept,-0.65773077000536,0.5301877917244027,-1.7155532800000002,0.39749868149999973
10,150,0.87,groupembodied,1.078798912370875,0.2416665325773335,0.603069343,1.5518891774999999
10,150,0.87,pre_score_z,0.27907574016457376,0.11304291727410697,0.061596554550000016,0.5070955467499998
10,150,1.39,Intercept,-0.007052645330965038,0.5247513027840681,-1.0701664625,0.9937943407499995
10,150,1.39,groupembodied,1.11697510281325,0.2612503202677565,0.6131368639999999,1.6412273624999991
10,150,1.39,pre_score_z,0.40569870101377997,0.1180320955250669,0.17866904074999998,0.64406030525
10,200,0.15,Intercept,-0.08805263663520749,0.4021905705778521,-0.916721693,0.7153971924999992
10,200,0.15,groupembodied,0.2606574630302416,0.1920917422226889,-0.114805306,0.6410291352499998
10,200,0.15,pre_score_z,0.396276859088375,0.08699299113620076,0.23077252975,0.5682436829999999
10,200,0.4,Intercept,-0.18577662275869913,0.5708075448555818,-1.3337106774999998,0.9311707232499997
10,200,0.4,groupembodied,0.5518183325351037,0.26549358893011943,0.03937032030000002,1.0707886174999997
10,200,0.4,pre_score_z,0.2932163274029625,0.10020214471188361,0.099296641075,0.48956250674999996
10,200,0.87,Intercept,-0.4438645554046915,0.4279960982425271,-1.2948862774999998,0.4070553532499997
10,200,0.87,groupembodied,0.843004386008275,0.2092586557723306,0.43417902350000004,1.2636390174999996
10,200,0.87,pre_score_z,0.22348941756969887,0.09009969139316654,0.04994039455,0.3995618034999999
10,200,1.39,Intercept,-0.20475152213724498,0.563707041185619,-1.311150115,0.9032251462499997
10,200,1.39,groupembodied,1.200624942680125,0.2662696445886893,0.656540492,1.7175939749999998
10,200,1.39,pre_score_z,0.2169742855573675,0.09723768027663962,0.025453265325000002,0.40674925049999994
11,100,0.15,Intercept,0.6505885020460375,0.37982106417626094,-0.10754441174999997,1.4096227124999994
11,100,0.15,groupembodied,0.10982136737967209,0.3031712523156388,-0.496788091,0.7142717257499998
11,100,0.15,pre_score_z,0.4476364092982875,0.16851182112056953,0.1201235135,0.79090081525
11,100,0.4,Intercept,-0.3121778171542074,0.33259567955215025,-0.9630438237500001,0.34632084774999955
11,100,0.4,groupembodied,0.20382976735322625,0.33164828508934735,-0.4535430147499999,0.8586836944999998
11,100,0.4,pre_score_z,0.32523204557915936,0.14157935213369097,0.04909572925000001,0.6030414292499996
11,100,0.87,Intercept,0.0037928452468007135,0.5024991039285114,-1.00726874,0.9925697222499993
11,100,0.87,groupembodied,0.8807879668143375,0.33277700237166224,0.22417692150000001,1.5251142849999997
11,100,0.87,pre_score_z,0.38982277274696,0.1502696018995386,0.10264838550000002,0.6877998144999997
11,100,1.39,Intercept,-0.05187401442584876,0.5631566264763873,-1.1779303575000002,1.0739042574999995
11,100,1.39,groupembodied,1.7248061640875,0.2969738702141497,1.1387618224999998,2.2954867949999995
11,100,1.39,pre_score_z,0.34607644664931236,0.13528776584583294,0.08066396170000001,0.6105772797499999
11,150,0.15,Intercept,0.0971723259662201,0.49539599787049976,-0.88782657475,1.0759360899999997
11,150,0.15,groupembodied,0.441055241855875,0.23973893808016042,-0.02323946494999999,0.914910241
11,150,0.15,pre_score_z,0.35203374103827123,0.11761366955416211,0.12422543750000002,0.5829265075
11,150,0.4,Intercept,-0.6340645363294163,0.45927055623743634,-1.5527558475,0.29326403624999997
11,150,0.4,groupembodied,0.19418445585043587,0.21411107686901099,-0.22759013924999993,0.6143755112499999
11,150,0.4,pre_score_z,0.3327457517232375,0.09260601387523774,0.1531017855,0.5180825499999999
11,150,0.87,Intercept,-0.5808894382602362,0.5095379804812441,-1.5941904175000001,0.4366935352499993
11,150,0.87,groupembodied,0.6041126219971875,0.21682627301153756,0.1740492495,1.02768531
11,150,0.87,pre_score_z,0.28542817363161377,0.10180266733929075,0.08726216935,0.48646561174999975
11,150,1.39,Intercept,-0.24160570698862363,0.39869580684485517,-1.0277683274999998,0.5516512774999999
11,150,1.39,groupembodied,1.1839969186537624,0.27484774814734336,0.6559645827499999,1.7330284649999996
11,150,1.39,pre_score_z,0.22022577899054252,0.12000054927683686,-0.009313456054999988,0.4606784384999998
11,200,0.15,Intercept,-0.3883402640531825,0.359544142932933,-1.108796095,0.3152341514999998
11,200,0.15,groupembodied,0.37071625340187747,0.18540446982785339,0.00360787158500001,0.73489884325
11,200,0.15,pre_score_z,0.2535806016675125,0.08798676290361497,0.0842602372,0.42976816924999994
11,200,0.4,Intercept,-0.08510097790931893,0.4766719593905299,-1.030367095,0.8283038614999999
11,200,0.4,groupembodied,0.2113533459892595,0.21602214887055968,-0.209478671,0.6390343274999999
11,200,0.4,pre_score_z,0.33015324820599,0.09786755302739045,0.13441570025,0.5248642054999999
11,200,0.87,Intercept,0.39061667395063,0.3332781372513489,-0.277907733,1.0457352474999997
11,200,0.87,groupembodied,0.784904688169125,0.19997475379154633,0.39204570825,1.1811061575
11,200,0.87,pre_score_z,0.332726924465875,0.09233495711191897,0.15429746075,0.5129843609999999
11,200,1.39,Intercept,-0.527481090513765,0.6251570331235333,-1.7689224325,0.713680596749998
11,200,1.39,groupembodied,1.0524222760575,0.2058672275518381,0.66027526725,1.4571402224999996
11,200,1.39,pre_score_z,0.259259262008305,0.09093851343901098,0.084437887625,0.4390263542499999
12,100,0.15,Intercept,-0.4285433171799887,0.4858628650943024,-1.4138216750000001,0.5232667497499999
12,100,0.15,groupembodied,0.24006030644387538,0.2909554674511455,-0.33702157899999996,0.8169314567499998
12,100,0.15,pre_score_z,0.29648029170402124,0.1319630291644795,0.039178789175,0.55793724875
12,100,0.4,Intercept,-0.19113999243695406,0.6503761570462061,-1.51205708,1.0774516624999975
12,100,0.4,groupembodied,0.6213375950117075,0.3348108833791525,-0.04588676177499996,1.2746940499999995
12,100,0.4,pre_score_z,0.379226665695025,0.15201634224901137,0.0843091851,0.6807485282499997
12,100,0.87,Intercept,-0.44449026534178376,0.4860011374917415,-1.4026896425,0.5496593242499996
12,100,0.87,groupembodied,1.236622344123875,0.3090514710679207,0.597117017,1.83415927
12,100,0.87,pre_score_z,0.52018930686875,0.11912460632873835,0.29008506825,0.76115380125
12,100,1.39,Intercept,-0.12351022179736136,0.2404503062233203,-0.6073977305,0.34719506749999995
12,100,1.39,groupembodied,1.27982195700125,0.24997703195632578,0.797616746,1.7716253874999996
12,100,1.39,pre_score_z,0.20956708357474962,0.1130047147326062,-0.012643482874999999,0.43152909424999986
12,150,0.15,Intercept,-0.514977550001875,0.4325516237745828,-1.3534580774999998,0.36627436474999864
12,150,0.15,groupembodied,0.37297421148723564,0.23394958006875202,-0.08526733205,0.8308393654999997
12,150,0.15,pre_score_z,0.15204582742678124,0.10456672307304518,-0.051527143124999994,0.35946329724999987
12,150,0.4,Intercept,-0.108415817932045,0.5160603748177528,-1.1081157824999999,0.95653677075
12,150,0.4,groupembodied,0.286757548061407,0.2329552075389383,-0.1653481225,0.7481079599999998
12,150,0.4,pre_score_z,0.21450175355901374,0.11078293491949612,-0.004689266934999996,0.42834607124999996
12,150,0.87,Intercept,-0.11948453957713336,0.5067903820639329,-1.1072420024999998,0.8779852189999987
12,150,0.87,groupembodied,1.05674093973625,0.21481617383311505,0.6354228672500001,1.4809012
12,150,0.87,pre_score_z,0.29970325026260375,0.10098325385338158,0.10110204850000001,0.4974098787499999
12,150,1.39,Intercept,-0.4652275105340774,0.4979125166978393,-1.43350924,0.5253998424999998
12,150,1.39,groupembodied,1.224927379098375,0.25560241946219503,0.700832866,1.7182828875
12,150,1.39,pre_score_z,0.21740662223608376,0.10924291630467493,0.0087333644325,0.43348942124999995
12,200,0.15,Intercept,-0.411909533326155,0.5918178435215301,-1.57550355,0.7792400022499998
12,200,0.15,groupembodied,0.1210495548219265,0.20656548294517285,-0.28991002925,0.524039001
12,200,0.15,pre_score_z,0.3046973726815375,0.0933527432782313,0.12448222025000001,0.488363842
12,200,0.4,Intercept,-0.37375788847709435,0.48975915636824147,-1.3473660875,0.6101193157499997
12,200,0.4,groupembodied,0.03235441342862412,0.20132634183904452,-0.35870425824999996,0.433542807
12,200,0.4,pre_score_z,0.28425528993182,0.0948739146382485,0.0992359343,0.4726540317499999
12,200,0.87,Intercept,-0.03781426249119638,0.5737098507766741,-1.213490315,1.1128151474999994
12,200,0.87,groupembodied,0.696956533723325,0.1953949529581044,0.31683598125000006,1.0845183575000001
12,200,0.87,pre_score_z,0.47664902563375,0.09672811720128023,0.289895061,0.6664871472499998
12,200,1.39,Intercept,-0.13070722640125987,0.27905793929888795,-0.68595488625,0.41722752699999976
12,200,1.39,groupembodied,1.25312551419875,0.20806399711496779,0.8342280129999999,1.6677611675
12,200,1.39,pre_score_z,0.34195053577675,0.09187788839732053,0.16819800225,0.5266725855
13,100,0.15,Intercept,-0.01911079346071062,0.43826097602207276,-0.8866958415,0.8423605597499998
13,100,0.15,groupembodied,0.18111288101603298,0.3195476692127345,-0.45182815249999997,0.8174555432499996
13,100,0.15,pre_score_z,0.191795149407995,0.12678061117959186,-0.0507865858,0.4449651904999999
13,100,0.4,Intercept,0.34954871283129246,0.6334374354454256,-0.9134552689999998,1.6111314474999996
13,100,0.4,groupembodied,0.37321174743464725,0.27636943828144017,-0.17814793424999995,0.9128451995
13,100,0.4,pre_score_z,0.2627564263887821,0.131808701313271,0.007288502977500008,0.5209164749999998
13,100,0.87,Intercept,0.29947840615689875,0.45831806554966265,-0.6096689194999999,1.2105709
13,100,0.87,groupembodied,0.6431441106574387,0.3064345412843664,0.04951069797500002,1.2519300974999996
13,100,0.87,pre_score_z,0.3389568339984875,0.14942954190016197,0.046981857375000005,0.6406310595
13,100,1.39,Intercept,0.5044884438637992,0.5034221760072853,-0.49685420774999994,1.4927626075
13,100,1.39,groupembodied,1.149103180109625,0.3114860743588059,0.549521287,1.7786670349999998
13,100,1.39,pre_score_z,0.07643710081493525,0.15583472183489094,-0.22836755625,0.3836781385
13,150,0.15,Intercept,-0.7085599147209363,0.5058506962049735,-1.71790512,0.3044965839999997
13,150,0.15,groupembodied,-0.03713102657191938,0.23880840867422465,-0.4978998209999999,0.4430932312499999
13,150,0.15,pre_score_z,0.3538787829960625,0.11341110262820736,0.13054997100000001,0.5817849097499999
13,150,0.4,Intercept,0.5238536861630834,0.43192378091318445,-0.3573986794999999,1.3391344424999998
13,150,0.4,groupembodied,-0.05752953660366639,0.23358289220671985,-0.5172771212499999,0.40369360025
13,150,0.4,pre_score_z,0.33534560014054626,0.11231932209007692,0.11628726475000001,0.5587883650000001
13,150,0.87,Intercept,-0.08213879092206375,0.43582262410250333,-0.96837139175,0.7876825492499999
13,150,0.87,groupembodied,0.96086515333525,0.2737420879245051,0.41611864175,1.4941554325
13,150,0.87,pre_score_z,0.36723231452425,0.10805421214320912,0.15740112975,0.5824709917499996
13,150,1.39,Intercept,-0.28315217514229624,0.3052514087063289,-0.8830006874999999,0.32309926399999983
13,150,1.39,groupembodied,1.15398362790625,0.2430571161907195,0.6719792115000001,1.6371887449999996
13,150,1.39,pre_score_z,0.392023998221575,0.10555729603435311,0.18609200025,0.6006360104999997
13,200,0.15,Intercept,-0.07275274238154375,0.3578727608326441,-0.8010961905,0.6345059455000001
13,200,0.15,groupembodied,-0.019203297099474863,0.21165662845846603,-0.44401071175,0.395360685
13,200,0.15,pre_score_z,0.09920518171965825,0.10918010738565419,-0.11740588899999997,0.31312397925
13,200,0.4,Intercept,0.11670883544882878,0.40511348740834024,-0.711574673,0.9172731354999993
13,200,0.4,groupembodied,0.561902360131575,0.2094757847214122,0.14608870850000003,0.9681906489999994
13,200,0.4,pre_score_z,0.2608366257862875,0.09391333560103392,0.077005402175,0.4503401074999999
13,200,0.87,Intercept,-0.28958588222646015,0.4014965438541298,-1.1081533549999998,0.49253774524999977
13,200,0.87,groupembodied,0.6669530722117,0.20554478212243454,0.26939626824999996,1.0651192999999999
13,200,0.87,pre_score_z,0.17264637764653237,0.10116127823924531,-0.024323152099999988,0.37205291725
13,200,1.39,Intercept,-0.38365419077677004,0.6604505129695549,-1.7354021375,0.9187407194999999
13,200,1.39,groupembodied,1.302037583897625,0.24094682060406908,0.8174754405,1.769502255
13,200,1.39,pre_score_z,0.268824492715875,0.09003409663369258,0.092747735775,0.44730333374999987
14,100,0.15,Intercept,-0.2875938574935287,0.29445088811804593,-0.89263379475,0.28693901199999994
14,100,0.15,groupembodied,-0.18899702602498974,0.2859938803847824,-0.73939751575,0.3811426989999992
14,100,0.15,pre_score_z,0.1518711569757075,0.13575970053695016,-0.11331390375,0.41290277849999996
14,100,0.4,Intercept,-1.1576799302695124,0.4983885287850321,-2.1660277299999997,-0.16545841025000013
14,100,0.4,groupembodied,0.20765776583002937,0.27042472683724955,-0.3108614025,0.73976622025
14,100,0.4,pre_score_z,0.2544162314870766,0.13026184822633763,-3.5235000699999675e-4,0.50698727325
14,100,0.87,Intercept,0.2944152168261851,0.5477203888907282,-0.7783956839999999,1.3951711399999995
14,100,0.87,groupembodied,0.5459058365389308,0.3080456711872907,-0.06596516424999996,1.164841235
14,100,0.87,pre_score_z,0.244808734185215,0.15290367502608035,-0.05606636614999997,0.5453843679999999
14,100,1.39,Intercept,-0.6480923593246324,0.4934308571827911,-1.64081643,0.32395219924999913
14,100,1.39,groupembodied,1.4018563529474999,0.3160970015869231,0.7628753680000001,2.014880775
14,100,1.39,pre_score_z,0.13338406466918612,0.14786929681500283,-0.15457183549999998,0.43434562974999996
14,150,0.15,Intercept,0.3380025024294925,0.5393439830379807,-0.7023987552500001,1.4079792874999995
14,150,0.15,groupembodied,0.25481710926504114,0.25831772519256,-0.25603576225,0.752371866
14,150,0.15,pre_score_z,0.13298308193791225,0.12549571670481233,-0.11008664024999999,0.3782322932499999
14,150,0.4,Intercept,0.09900647659659624,0.4161252512967267,-0.7379087544999999,0.9337579512499998
14,150,0.4,groupembodied,0.6906018732178625,0.2687981621603824,0.1644536815,1.2208289299999997
14,150,0.4,pre_score_z,0.2218462511413025,0.10552411090538925,0.01092075630000001,0.42736725224999994
14,150,0.87,Intercept,0.0374116943696555,0.36713946053474655,-0.71848863525,0.7486694504999996
14,150,0.87,groupembodied,0.8512271982027437,0.25222874546615887,0.35232876874999997,1.3419327099999996
14,150,0.87,pre_score_z,0.2996122555049125,0.11211681850558272,0.078338525525,0.5200915439999999
14,150,1.39,Intercept,0.28692228579490464,0.5072321869527504,-0.72247509125,1.2850777999999994
14,150,1.39,groupembodied,1.43013201816875,0.2511608492361771,0.9246088867500001,1.9165683474999997
14,150,1.39,pre_score_z,0.25312942412619877,0.10823914030669163,0.0446254676,0.47039958299999995
14,200,0.15,Intercept,-0.13700279309253746,0.35139459839289255,-0.8279622835,0.5667232427499996
14,200,0.15,groupembodied,0.282669878737989,0.25195477263452976,-0.21896965950000002,0.7833186337499998
14,200,0.15,pre_score_z,0.1288400888004745,0.0965847456280719,-0.065085327575,0.31643881674999996
14,200,0.4,Intercept,-1.36072908022585,0.3302627845172555,-2.0180728525,-0.703370486500001
14,200,0.4,groupembodied,0.26577273415895014,0.27802720078111925,-0.30284184425,0.8118061097499998
14,200,0.4,pre_score_z,0.2872502250158225,0.09765768213410336,0.097179807725,0.48064256324999977
14,200,0.87,Intercept,-0.39939386961621853,0.43301245444661773,-1.279244605,0.4354777477499997
14,200,0.87,groupembodied,0.948421707474125,0.2220506683551888,0.5129956855,1.387528195
14,200,0.87,pre_score_z,0.3696213938554875,0.10016910570753101,0.1718406235,0.5710642342499999
14,200,1.39,Intercept,-0.05809616906067514,0.36696004239590935,-0.7812809942499999,0.6603805337499997
14,200,1.39,groupembodied,1.34343051149,0.20876576346660888,0.9366950519999999,1.7586801675000001
14,200,1.39,pre_score_z,0.3514695861322375,0.09746276785593484,0.16489051049999998,0.5456997555
15,100,0.15,Intercept,-0.36902373085044177,0.49545113403521407,-1.3728486925,0.5976593427499998
15,100,0.15,groupembodied,-0.08907994246910302,0.2751033293118592,-0.63231377275,0.44675936824999996
15,100,0.15,pre_score_z,0.20162965179742,0.1282420509178845,-0.04586620487499999,0.4580650102499999
15,100,0.4,Intercept,-1.1505046925644413,0.42531040410187687,-1.9808757,-0.28560244700000054
15,100,0.4,groupembodied,0.599421819550776,0.3009159226836101,0.012395791250000024,1.1916180674999999
15,100,0.4,pre_score_z,0.345362376184045,0.14730188704260547,0.06485011155000002,0.6379703114999999
15,100,0.87,Intercept,0.4307126251485613,0.4374984801275122,-0.43435297024999997,1.3160357674999996
15,100,0.87,groupembodied,0.98606229033372506,0.3063435542219051,0.3800211,1.5858092649999995
15,100,0.87,pre_score_z,0.3785859098583539,0.15315802186508934,0.09093834370000001,0.69324505925
15,100,1.39,Intercept,-0.3328758781094788,0.6127279909410798,-1.58159941,0.8641047572499999
15,100,1.39,groupembodied,1.319140588467875,0.2922437031048165,0.7447036982499999,1.8973643275
15,100,1.39,pre_score_z,0.18375085252558448,0.11155203472003462,-0.030924956899999998,0.4032145292499999
15,150,0.15,Intercept,0.3091687481432325,0.4462591272570148,-0.6211302240000001,1.1988262474999996
15,150,0.15,groupembodied,0.3821269269771975,0.22647618931718236,-0.05805231819999998,0.83541257
15,150,0.15,pre_score_z,0.14224384072537938,0.1111179437124719,-0.074000890825,0.3604458649999998
15,150,0.4,Intercept,-0.011345284311786696,0.5274966406394465,-1.08843125,1.0041517624999998
15,150,0.4,groupembodied,0.4683025795129,0.23896221789348546,-0.004637211609999998,0.9481479522499999
15,150,0.4,pre_score_z,0.45560193288175,0.10833851291285343,0.2474798285,0.6715457667499999
15,150,0.87,Intercept,-0.0013623318961436897,0.6108977645714824,-1.2222084225,1.1999131749999996
15,150,0.87,groupembodied,1.20207806652215,0.2509926609914944,0.71014382725,1.6945540724999997
15,150,0.87,pre_score_z,0.513636246035,0.12176444998813647,0.28029721750000003,0.7612235685000001
15,150,1.39,Intercept,0.2635000350587839,0.4169188130706547,-0.56487721875,1.1013450525
15,150,1.39,groupembodied,1.070394804149875,0.28089786424924396,0.5103770905,1.6086958449999997
15,150,1.39,pre_score_z,0.35049476134107876,0.11436258107365994,0.13014140624999998,0.5768668232499999
15,200,0.15,Intercept,0.1308763361420882,0.5253413796306272,-0.9058392067500001,1.1777002049999992
15,200,0.15,groupembodied,0.09432803804495324,0.2302353457602219,-0.35676732125,0.5558652979999998
15,200,0.15,pre_score_z,0.418383783952375,0.1010328396705484,0.21746516775,0.6181672164999997
15,200,0.4,Intercept,-0.66030903760356,0.5019352116434453,-1.6484052925,0.37846452249999996
15,200,0.4,groupembodied,0.14781395139432713,0.19631357171679717,-0.23519548575,0.5330977594999997
15,200,0.4,pre_score_z,0.256882713201975,0.08625473075795138,0.08703409545000002,0.42671191799999986
15,200,0.87,Intercept,-0.6935824360087463,0.48268830099506493,-1.61690742,0.29519134599999985
15,200,0.87,groupembodied,0.7616822912190787,0.2589071215183773,0.23333515,1.2518629625000002
15,200,0.87,pre_score_z,0.3557201057017875,0.1112390606647473,0.1409229055,0.5733090472499999
15,200,1.39,Intercept,-0.32260848332493625,0.5293515531546178,-1.3583815350000001,0.7492713862499999
15,200,1.39,groupembodied,1.43384579973,0.22177368428039457,0.9948614715,1.8724429949999992
15,200,1.39,pre_score_z,0.3141037146486625,0.1067278854651288,0.10416492375,0.5243079445
16,100,0.15,Intercept,0.055250719070703766,0.4014327199127964,-0.7574476052499999,0.8428517939999997
16,100,0.15,groupembodied,0.12936251608873076,0.30248360457053153,-0.46556803425,0.7269010404999999
16,100,0.15,pre_score_z,0.147140631067517,0.1294281004790934,-0.1022474715,0.40472367049999974
16,100,0.4,Intercept,0.3856683290442275,0.5107342203044448,-0.64521855125,1.4015961799999999
16,100,0.4,groupembodied,0.6693960133943813,0.27086361872804643,0.14141736300000002,1.1843613374999997
16,100,0.4,pre_score_z,0.4628057549195,0.13026098771586653,0.21196860250000002,0.7226925915
16,100,0.87,Intercept,-0.07353390687997112,0.43141842455945784,-0.9187572424999999,0.8096710997499994
16,100,0.87,groupembodied,0.5120424534733763,0.30811729385404674,-0.08988630509999997,1.1230860299999998
16,100,0.87,pre_score_z,0.29667832110430126,0.15307801054876333,-1.1252304974999923e-4,0.6014886362499999
16,100,1.39,Intercept,-0.080389471596423,0.3845187926125791,-0.8610288215,0.6726368789999998
16,100,1.39,groupembodied,0.90411339388105,0.2836483603686866,0.351723014,1.458744195
16,100,1.39,pre_score_z,0.16183851418470588,0.1474752020179416,-0.12870162949999997,0.45280275
16,150,0.15,Intercept,-0.48417796476526,0.5378104631304262,-1.5186312750000002,0.6351889372499998
16,150,0.15,groupembodied,0.08134726292003963,0.25289626584422376,-0.41514005724999997,0.5794649379999999
16,150,0.15,pre_score_z,0.5460117952765625,0.12534078492327447,0.30462579300000003,0.7953479019999997
16,150,0.4,Intercept,-0.5761100759251346,0.5897013857957613,-1.7422991250000002,0.6112102819999998
16,150,0.4,groupembodied,0.5198833164585271,0.3067115195947032,-0.08662523877499999,1.1226817099999993
16,150,0.4,pre_score_z,0.2680786725228371,0.11541243289004591,0.03880406770000001,0.49533951174999996
16,150,0.87,Intercept,0.08953701206413918,0.5297520605983987,-0.973834624,1.131947847499999
16,150,0.87,groupembodied,0.543187547315645,0.22590898747230226,0.09449412020000002,0.9710898552499998
16,150,0.87,pre_score_z,0.28177063354169873,0.09331731978011679,0.10241617,0.46785702399999995
16,150,1.39,Intercept,-0.11282446492208176,0.2779804775292213,-0.6464283365,0.45677416099999996
16,150,1.39,groupembodied,1.27656910800625,0.22147728433301886,0.8509184510000001,1.7244220825
16,150,1.39,pre_score_z,0.104472736572413,0.09600662934595461,-0.083195244,0.2948117464999999
16,200,0.15,Intercept,-0.6067735001757717,0.5836653634368633,-1.740718075,0.5568859897499999
16,200,0.15,groupembodied,-0.1576888449055675,0.2306299170729328,-0.6153454677499999,0.2953295552499999
16,200,0.15,pre_score_z,0.3648634306529,0.11010880831541013,0.1499911145,0.5876144454999999
16,200,0.4,Intercept,-0.6562372351502299,0.5326273409855152,-1.6786524900000002,0.4205218594999996
16,200,0.4,groupembodied,0.17466404110164938,0.21036871944395447,-0.23991698599999997,0.58164118275
16,200,0.4,pre_score_z,0.3367164842868125,0.09429472279841612,0.15242819025,0.52425348875
16,200,0.87,Intercept,0.09806952580374899,0.4156450170564457,-0.7540793597499998,0.9014244107499997
16,200,0.87,groupembodied,0.5019658814476412,0.22184672526787946,0.06594142182500001,0.9393137344999997
16,200,0.87,pre_score_z,0.2506249297016575,0.11230824380867738,0.03431455925000001,0.47187402375
16,200,1.39,Intercept,0.37692588595642,0.6044409561756506,-0.8572352280000001,1.5536342225
16,200,1.39,groupembodied,1.1377955620575,0.2215597557616291,0.69659121125,1.57478216
16,200,1.39,pre_score_z,0.24690104817871375,0.09420154784902746,0.061475375725,0.433367656
17,100,0.15,Intercept,-0.363238734535784,0.5793203193394305,-1.5212631499999998,0.7920617982499993
17,100,0.15,groupembodied,0.04102490407089888,0.2889626262568331,-0.52005005475,0.6127737772499999
17,100,0.15,pre_score_z,0.1636122930865025,0.15025821107966017,-0.12739526349999997,0.4637048804999999
17,100,0.4,Intercept,0.16853500059604126,0.5125369425074023,-0.8666604622499999,1.1973833299999999
17,100,0.4,groupembodied,0.57218463493065,0.2668081177945363,0.049092976725000015,1.0992132849999996
17,100,0.4,pre_score_z,0.14968887048092624,0.1623815750496885,-0.16908863525,0.4633856392499998
17,100,0.87,Intercept,-0.5443198351197234,0.37365506578270774,-1.281439955,0.19572436524999995
17,100,0.87,groupembodied,0.905690484384,0.2772728920383559,0.37181340599999996,1.4646096849999997
17,100,0.87,pre_score_z,0.34709581296347325,0.13996894139793312,0.07658527792500001,0.6279424029999998
17,100,1.39,Intercept,-0.19584170621827623,0.45696439370223324,-1.1411662675,0.6713752944999999
17,100,1.39,groupembodied,1.10831618080975,0.27740549298946054,0.577085191,1.6613030099999997
17,100,1.39,pre_score_z,0.415770256909125,0.12475760158681581,0.17613464025,0.6692033205
17,150,0.15,Intercept,-0.20976795867767373,0.512631444322046,-1.2109461725,0.7815406354999997
17,150,0.15,groupembodied,0.9266675185307625,0.24483626469428235,0.44860273599999995,1.4074348174999998
17,150,0.15,pre_score_z,0.41348602254325,0.11156773847690882,0.19444922125,0.6328143354999999
17,150,0.4,Intercept,0.43131623259526036,0.4403313071885553,-0.45649556199999997,1.2995210599999998
17,150,0.4,groupembodied,0.3003559271328025,0.22279338228670956,-0.14489171700000003,0.74117763775
17,150,0.4,pre_score_z,0.240445453611825,0.09841719990915078,0.04926716732500001,0.4357056869999997
17,150,0.87,Intercept,0.5134199947922685,0.40741198441869686,-0.32100362749999994,1.2883227399999997
17,150,0.87,groupembodied,0.839045147421235,0.2776183963567574,0.30643418,1.3874620474999997
17,150,0.87,pre_score_z,0.3454902368990638,0.12080701410606803,0.11219534525000001,0.5846751532499999
17,150,1.39,Intercept,-0.7585557109734782,0.5926658514708918,-1.9235785575,0.4374053064999995
17,150,1.39,groupembodied,1.084705928155875,0.28367241149635436,0.5308854847500001,1.6419225149999999
17,150,1.39,pre_score_z,0.28326627240855123,0.10551535794087671,0.07838057695,0.49678986475
17,200,0.15,Intercept,-0.852617654160484,0.5072577370199709,-1.84993272,0.17419767799999913
17,200,0.15,groupembodied,0.2379220477720775,0.25000599996364675,-0.257379685,0.73417373525
17,200,0.15,pre_score_z,0.4060517780815,0.10293605821626534,0.20494087275,0.60986440125
17,200,0.4,Intercept,-0.5444859309893847,0.2801466318666257,-1.10811755,0.01769477489999954
17,200,0.4,groupembodied,0.3568816413641601,0.2245511862017556,-0.08179882089999999,0.798780349
17,200,0.4,pre_score_z,0.42058529290125,0.10776037634093223,0.21281838200000003,0.6315608479999999
17,200,0.87,Intercept,-0.7922192734593101,0.568377109264519,-1.9001242825,0.3663179829999998
17,200,0.87,groupembodied,0.5105518876037087,0.20115429064917614,0.10881471250000002,0.9075047589999997
17,200,0.87,pre_score_z,0.2739724750949675,0.09695431630305161,0.088772889925,0.47232244249999994
17,200,1.39,Intercept,0.020517191269574374,0.5720679166824935,-1.1261685249999998,1.1301092124999998
17,200,1.39,groupembodied,1.3540742296747499,0.2622391789462894,0.840335657,1.8718907774999998
17,200,1.39,pre_score_z,0.35567051497655,0.10448246638968452,0.15229571525000002,0.56028105075
18,100,0.15,Intercept,-0.0062359894744037515,0.4107973153765497,-0.840568572,0.81240695875
18,100,0.15,groupembodied,-0.03489872820615787,0.30708037223161117,-0.6418349695000001,0.5652894397499999
18,100,0.15,pre_score_z,0.11270208516188136,0.16306117227390537,-0.21145414299999998,0.43824957999999953
18,100,0.4,Intercept,-0.20750297594863623,0.5970089624500111,-1.4425516699999998,0.9443836372499997
18,100,0.4,groupembodied,0.348607416697152,0.2985918030176447,-0.23474555149999998,0.9377316692499991
18,100,0.4,pre_score_z,0.16307697092672063,0.1402151122957936,-0.116062488,0.43284705975
18,100,0.87,Intercept,-0.14586023313044877,0.3172545051560625,-0.74721877225,0.4716582617499999
18,100,0.87,groupembodied,0.3166893128138525,0.312293437203448,-0.305341995,0.9273002417499999
18,100,0.87,pre_score_z,0.607464365558125,0.16307871088802597,0.29233878325,0.9358644474999999
18,100,1.39,Intercept,-0.11896820297715999,0.5154725691118502,-1.1269851974999998,0.8987045967499995
18,100,1.39,groupembodied,1.6878512076575,0.3406977316752418,1.02280981,2.376613185
18,100,1.39,pre_score_z,0.4578603441273313,0.1702375842812169,0.12238751525000002,0.7945939355
18,150,0.15,Intercept,-0.3190542459775487,0.4655382769573606,-1.2464739475,0.6091786847499998
18,150,0.15,groupembodied,0.30212953456168223,0.2291347112424424,-0.16091663375,0.7571761304999999
18,150,0.15,pre_score_z,0.2769025723932538,0.104203506190153,0.07230979952500001,0.48467479774999994
18,150,0.4,Intercept,-0.34297770003783873,0.6224229918047115,-1.532790465,0.9036767454999998
18,150,0.4,groupembodied,0.4470219487069625,0.2423523463329922,-0.03086679535,0.9248578119999997
18,150,0.4,pre_score_z,0.09572338895919012,0.11804110745916553,-0.1303723715,0.3285830494999999
18,150,0.87,Intercept,0.40340945523432925,0.276423071558062,-0.143841512,0.9426774329999995
18,150,0.87,groupembodied,0.879445271576,0.2567523704089512,0.3767063935,1.3802549925
18,150,0.87,pre_score_z,0.36905177882782747,0.13032297428826192,0.11280984925000002,0.6286596425000001
18,150,1.39,Intercept,-0.44821476643089425,0.47121311890094913,-1.3735838999999999,0.4931668579999999
18,150,1.39,groupembodied,1.4122592304139374,0.37416500314105133,0.61711409800000006,2.0938740874999993
18,150,1.39,pre_score_z,0.23020624406706,0.09997927495518681,0.035624976250000016,0.4283377244999999
18,200,0.15,Intercept,-0.5172866099800094,0.4958817235155536,-1.47485274,0.4732510522499982
18,200,0.15,groupembodied,0.13093207904649895,0.2364523064229474,-0.33339276599999995,0.6085144322499997
18,200,0.15,pre_score_z,0.23919363518816125,0.10795918097300337,0.024271564649999997,0.45279150624999986
18,200,0.4,Intercept,-0.6150549665652345,0.48395411250057213,-1.5718822000000001,0.3667003017499996
18,200,0.4,groupembodied,0.43421363972335,0.22750106213076807,-0.0028859287324999906,0.883502172
18,200,0.4,pre_score_z,0.21557600405409713,0.10675966013955406,0.011517746075000005,0.4325746352499996
18,200,0.87,Intercept,-0.6664143536448375,0.5078803908618827,-1.6686298575,0.35064738824999925
18,200,0.87,groupembodied,1.23817894895125,0.23713869099744608,0.775000817,1.7119177024999996
18,200,0.87,pre_score_z,0.32339458722682873,0.11306947309221255,0.10030118750000001,0.54799409375
18,200,1.39,Intercept,-0.9315716963559,0.5025557705663101,-1.9676075149999999,0.04486889277499997
18,200,1.39,groupembodied,1.58290586163625,0.28442254928116856,0.98366972225,2.109366175
18,200,1.39,pre_score_z,0.3671598720405,0.0993021958263073,0.17563710575,0.5652801762499999
19,100,0.15,Intercept,-0.5410586745477163,0.5667892241455585,-1.664563165,0.6106305599999999
19,100,0.15,groupembodied,0.316236539316259,0.2464415442607871,-0.16877086825,0.8023404107499995
19,100,0.15,pre_score_z,0.15913881337571326,0.1278099456944095,-0.09099828554999999,0.40878268175
19,100,0.4,Intercept,-0.12467571167315734,0.4670892126118188,-1.0415180124999999,0.8156328859999996
19,100,0.4,groupembodied,0.5017378517315763,0.31135718176972554,-0.09297856119999999,1.126649345
19,100,0.4,pre_score_z,0.51666577269295,0.14774185794789782,0.22267435525,0.8075585709999997
19,100,0.87,Intercept,-0.28094954028307473,0.6655139690584698,-1.6097707474999998,1.0577788549999996
19,100,0.87,groupembodied,0.5108045089046938,0.3125723296671735,-0.1035024515,1.1398923699999994
19,100,0.87,pre_score_z,0.23861921897008787,0.16633732597485912,-0.08437727572499999,0.5719210427499993
19,100,1.39,Intercept,-0.05311590331885553,0.6049840871233247,-1.275534595,1.1135528674999988
19,100,1.39,groupembodied,1.098574423517425,0.2797954763145124,0.5560671129999999,1.6496322174999998
19,100,1.39,pre_score_z,0.13770547386110724,0.13629406953524345,-0.12904701775,0.41203372824999956
19,150,0.15,Intercept,0.042157276867412496,0.42814070054272085,-0.81135128275,0.8968568624999993
19,150,0.15,groupembodied,0.3542789172729353,0.2320896389078383,-0.08956537314999999,0.81541002775
19,150,0.15,pre_score_z,0.30102213058141253,0.1119242067982706,0.08482670627500001,0.5265642987499999
19,150,0.4,Intercept,0.09392979876083438,0.625157405454828,-1.1815620825,1.3570706549999998
19,150,0.4,groupembodied,0.2777643973931384,0.2774282652978577,-0.2796103245,0.8096553182499998
19,150,0.4,pre_score_z,0.17013122187007804,0.11953682834889018,-0.057638762474999994,0.40462445649999995
19,150,0.87,Intercept,-0.3464255181271937,0.589321665464565,-1.5231372399999998,0.8409815699999995
19,150,0.87,groupembodied,0.94797120123581,0.29010385402402705,0.36591490700000007,1.508097195
19,150,0.87,pre_score_z,0.51831690718525,0.1310869474904543,0.26149118174999997,0.7765062672499999
19,150,1.39,Intercept,-0.04812635084904365,0.5008161075659867,-1.0608841275,0.9562339557499995
19,150,1.39,groupembodied,0.8690836802527,0.26873062459532515,0.34310534025,1.38664759
19,150,1.39,pre_score_z,0.03913441256147113,0.11748326024609293,-0.1929783565,0.2716528624999999
19,200,0.15,Intercept,0.08160616335399888,0.5847597116454826,-1.0925608175000001,1.2429015599999989
19,200,0.15,groupembodied,0.290722726533402,0.23648684492295283,-0.17153407724999997,0.7524912564999999
19,200,0.15,pre_score_z,0.239565908318055,0.09505129577598796,0.05731252602499999,0.4328384094999999
19,200,0.4,Intercept,0.8268976687374089,0.5387084715781233,-0.262466331,1.8791767949999998
19,200,0.4,groupembodied,-0.02544115560551295,0.2110362661768416,-0.45077590525,0.38138660124999985
19,200,0.4,pre_score_z,0.48875824296375,0.09716349767631238,0.30036692350000005,0.67919531175
19,200,0.87,Intercept,-0.541444258762565,0.688724071011054,-1.93308113,0.8443242789999992
19,200,0.87,groupembodied,0.5572515861097388,0.2284872831328545,0.10052393622500001,0.9942676407499997
19,200,0.87,pre_score_z,0.34521280536268123,0.10570553820486706,0.138496634,0.5520129582499999
19,200,1.39,Intercept,-0.17334202159614376,0.562310401512353,-1.275599975,0.9369191394999993
19,200,1.39,groupembodied,1.5474558325225,0.21132156705046773,1.1224062875,1.9702930625000001
19,200,1.39,pre_score_z,0.364988612076375,0.09081072039679712,0.18884935125000002,0.546948036
20,100,0.15,Intercept,-0.3457846540940637,0.26950503394561065,-0.8841226847499999,0.1813217714999998
20,100,0.15,groupembodied,0.136416576375813,0.37814190071940906,-0.61860410025,0.9021036039999998
20,100,0.15,pre_score_z,0.255185187122872,0.1420187340963259,-0.017362686174999996,0.5430022205
20,100,0.4,Intercept,-0.47076943281345,0.2453896543216424,-0.96053838025,0.017346338849999483
20,100,0.4,groupembodied,0.8497244633791124,0.25453672318910747,0.348048542,1.3535920949999998
20,100,0.4,pre_score_z,0.261595478489005,0.1413016430401621,-0.013086737499999992,0.54642205425
20,100,0.87,Intercept,-0.38049976189786877,0.6367775816639923,-1.6689162975,0.8791130804999997
20,100,0.87,groupembodied,0.6393057077492275,0.3087306568087014,0.028844622675000084,1.2487465399999997
20,100,0.87,pre_score_z,0.36468608924030876,0.15654249228512393,0.06463404712500002,0.6824518732499998
20,100,1.39,Intercept,0.010873639876152233,0.5562586305836156,-1.1426063724999997,1.084220865
20,100,1.39,groupembodied,1.51393543179875,0.29616063902339884,0.92581766575,2.0927899125
20,100,1.39,pre_score_z,0.33456498468583373,0.15767591971720982,0.0248617304,0.6494529892499998
20,150,0.15,Intercept,-0.43914416478741874,0.515401009274508,-1.4435848525,0.5932699532499992
20,150,0.15,groupembodied,0.32502704220541573,0.23302882763167826,-0.13511391875,0.7792124867499999
20,150,0.15,pre_score_z,0.27483522051098125,0.10005910313152053,0.08176868895,0.47073948549999994
20,150,0.4,Intercept,-0.34616680139755834,0.4732926476689594,-1.28066372,0.6136698777499998
20,150,0.4,groupembodied,0.5416149559576963,0.24666489181775061,0.051368966875000005,1.0283365249999998
20,150,0.4,pre_score_z,0.11884817485332137,0.1150994771524519,-0.1068578525,0.33800474624999993
20,150,0.87,Intercept,-0.7852896373044375,0.30666986172029204,-1.40201675,-0.17611441625000032
20,150,0.87,groupembodied,1.01018853813,0.19910343708472658,0.6130533925,1.3984075849999997
20,150,0.87,pre_score_z,0.3979131317635,0.09317949777905514,0.21968115575,0.5822710605
20,150,1.39,Intercept,-0.21219482581032195,0.47254219538369124,-1.17652703,0.7214635332499999
20,150,1.39,groupembodied,1.06387491828275,0.21262780424733066,0.6500172205,1.4793964699999997
20,150,1.39,pre_score_z,0.25836758412889377,0.09705622184804003,0.070389566575,0.4515489682499999
20,200,0.15,Intercept,0.18041663661541502,0.32085263434412037,-0.47272264174999995,0.8137801442499997
20,200,0.15,groupembodied,-0.13741595599232687,0.20118921574507756,-0.532118027,0.25486891325
20,200,0.15,pre_score_z,0.3438148805700609,0.09177958318486601,0.16794743675,0.5235506222499998
20,200,0.4,Intercept,0.7426797758415191,0.42411076653809493,-0.11334805724999998,1.5947606199999977
20,200,0.4,groupembodied,0.11859187378053426,0.187131362544665,-0.24956643825,0.4894193672499994
20,200,0.4,pre_score_z,0.3329891755535,0.08669772082315257,0.16461124575,0.5052153207499999
20,200,0.87,Intercept,-0.613039303855205,0.517300170077671,-1.6171293949999999,0.41093424924999983
20,200,0.87,groupembodied,0.924007964668225,0.2604475179740627,0.40237258375,1.4380429899999996
20,200,0.87,pre_score_z,0.27447974334870623,0.08807545960004841,0.100792212,0.445007037
20,200,1.39,Intercept,0.04983385526835727,0.3751378937005122,-0.6871151074999999,0.8084710484999997
20,200,1.39,groupembodied,1.09216603037,0.1956607458938838,0.703800221,1.4738932524999997
20,200,1.39,pre_score_z,0.17977167765228189,0.09654309258641737,-0.007072004574999997,0.372706356
21,100,0.15,Intercept,-0.2735218665744241,0.4922786376388514,-1.2753701675,0.7007651665
21,100,0.15,groupembodied,0.5728240694004862,0.30849942428751603,-0.02289459257499995,1.1830632024999996
21,100,0.15,pre_score_z,0.33577228376719936,0.15977148169173694,0.025937781650000012,0.6521132369999996
21,100,0.4,Intercept,-0.4633337645432968,0.42336079030608087,-1.3205032625,0.3466314802499999
21,100,0.4,groupembodied,0.5419460953596401,0.29487668712910137,-0.02892133477499995,1.1248834649999997
21,100,0.4,pre_score_z,0.2748857204083475,0.14349458816515204,6.966743660000017e-4,0.5622160319999998
21,100,0.87,Intercept,-0.51877404786843,0.5487894963164651,-1.6302338175,0.5550272892499993
21,100,0.87,groupembodied,1.25385131795225,0.2906036833068344,0.6867673627499999,1.8307081900000002
21,100,0.87,pre_score_z,0.30857741661849497,0.13348526967824045,0.04894157097500001,0.57425070675
21,100,1.39,Intercept,0.35211365539328626,0.41422586539180634,-0.4583937345,1.1983210249999998
21,100,1.39,groupembodied,0.96197319617125,0.24824116918850495,0.47187856575000003,1.4644634575000002
21,100,1.39,pre_score_z,0.24107944287485625,0.12305800462479027,0.005606375932500004,0.4869478717499998
21,150,0.15,Intercept,-0.7388366503079125,0.4277669989955371,-1.5770692624999998,0.11374794349999998
21,150,0.15,groupembodied,0.157525559564294,0.24093283117794423,-0.32224639650000003,0.6359741129999991
21,150,0.15,pre_score_z,0.2935678316198925,0.11415716123198105,0.06948378830000002,0.5213192974999998
21,150,0.4,Intercept,-0.22289512533244,0.6213305554716975,-1.4587847225,1.0473019899999996
21,150,0.4,groupembodied,0.319244359967145,0.2799865576628277,-0.21147403525,0.8785277465
21,150,0.4,pre_score_z,0.29425675715522376,0.09289853837021904,0.1167924315,0.4842796845
21,150,0.87,Intercept,0.13155288852473226,0.40925138766482494,-0.678762342,0.9422117984999991
21,150,0.87,groupembodied,0.63648107490991,0.2525099079726016,0.13470255975000003,1.1420976424999998
21,150,0.87,pre_score_z,0.362902448931,0.10881318881775037,0.15656768475,0.57559543725
21,150,1.39,Intercept,-0.6348144439708563,0.4015826391108154,-1.4190315175,0.18983823374999942
21,150,1.39,groupembodied,1.12871443630025,0.2779198323147753,0.58061159325,1.66585802
21,150,1.39,pre_score_z,0.383826306997075,0.12822715119929518,0.13857246425,0.6377920842499999
21,200,0.15,Intercept,-0.4911443349446523,0.5954950657229392,-1.6725092524999998,0.6860267567499989
21,200,0.15,groupembodied,0.325109550555295,0.2281309125625413,-0.12392198025,0.7634850304999996
21,200,0.15,pre_score_z,0.25324069208869887,0.10099366701703426,0.05326642225000001,0.45199926024999987
21,200,0.4,Intercept,0.13540902655764273,0.3043164562552601,-0.46558789675,0.7438650259999996
21,200,0.4,groupembodied,0.2082726939591391,0.18976081318741145,-0.158951403,0.5773633649999999
21,200,0.4,pre_score_z,0.338282726496625,0.08471342537246386,0.17158714225,0.5085885942499999
21,200,0.87,Intercept,-0.46150653199330866,0.509570579294769,-1.4768195149999999,0.530051827
21,200,0.87,groupembodied,1.082669648772,0.21935341490633337,0.65404,1.52223551
21,200,0.87,pre_score_z,0.436006983549875,0.10497984199118378,0.2309189215,0.65011120525
21,200,1.39,Intercept,0.3110745825230788,0.4227671823346348,-0.5339638800000001,1.1418095974999996
21,200,1.39,groupembodied,1.34917128028,0.225589627047789,0.90036331125,1.7870494224999998
21,200,1.39,pre_score_z,0.315260749352595,0.11295918536985515,0.091607808775,0.5343619054999998
22,100,0.15,Intercept,0.06563453540619002,0.4913432459456499,-0.9113841782499998,1.0477281924999995
22,100,0.15,groupembodied,0.14113372226608925,0.28076045214047163,-0.40342290875,0.7000147579999997
22,100,0.15,pre_score_z,0.03238017488445238,0.11821576262037901,-0.20142229,0.26289620624999993
22,100,0.4,Intercept,0.32634348960985765,0.516742893007356,-0.7471074934999999,1.3244284299999993
22,100,0.4,groupembodied,0.20278003884294374,0.31017580450624044,-0.40507863925000004,0.8175402002499998
22,100,0.4,pre_score_z,0.3739238271919075,0.1437083493912969,0.10272499975,0.6585385227499999
22,100,0.87,Intercept,-0.19633668629451756,0.5165934383350768,-1.229392485,0.8390827792499994
22,100,0.87,groupembodied,1.003712317235625,0.29034591511233293,0.43522560825,1.5805257600000002
22,100,0.87,pre_score_z,0.25692142331039336,0.14467110605597497,-0.017553846774999986,0.5543944247499998
22,100,1.39,Intercept,-0.34731032678524676,0.4302396957410488,-1.219249575,0.48009349724999983
22,100,1.39,groupembodied,1.31406182668125,0.26384532932323285,0.793185773,1.8471131975
22,100,1.39,pre_score_z,0.3460249803255125,0.11711107093879068,0.11506968999999999,0.5749965997499998
22,150,0.15,Intercept,-0.7688270239485551,0.6159830689922899,-1.984455965,0.48333105799999965
22,150,0.15,groupembodied,0.15891997819399037,0.26994711431256974,-0.3719349995,0.6875676439999999
22,150,0.15,pre_score_z,0.4019218788418875,0.12332029074821009,0.1640246555,0.6519761517499996
22,150,0.4,Intercept,-0.07169689199883249,0.502735947401956,-1.08861693,0.9277585332499984
22,150,0.4,groupembodied,0.2654282946669725,0.2415098121041364,-0.21734137474999995,0.7290088232499998
22,150,0.4,pre_score_z,0.261519247614795,0.1103470738554056,0.044866782050000005,0.47525715699999993
22,150,0.87,Intercept,-0.20396459878922252,0.4973413886878126,-1.2091293725,0.7568343097499997
22,150,0.87,groupembodied,0.795605284801475,0.24043624336178093,0.32951278225,1.2699972675
22,150,0.87,pre_score_z,0.3308521787609625,0.11267372537550692,0.11353456375000001,0.5556613045
22,150,1.39,Intercept,-0.6049446077601371,0.524698929117169,-1.6238371825,0.45975954899999943
22,150,1.39,groupembodied,1.24244526710375,0.22451115249315948,0.80158921125,1.6812068599999996
22,150,1.39,pre_score_z,0.371362170932985,0.10885783908459098,0.16001026475000002,0.5888829339999999
22,200,0.15,Intercept,-0.506508123120465,0.45533125520452616,-1.401671795,0.4177878859999992
22,200,0.15,groupembodied,0.33588996296131124,0.1900421010450891,-0.04329301757499998,0.7132385269999999
22,200,0.15,pre_score_z,0.408173620318875,0.09294373318500788,0.22845633750000002,0.5950347534999999
22,200,0.4,Intercept,-0.2791595939439863,0.5099093886406699,-1.282089695,0.7408493737499993
22,200,0.4,groupembodied,0.19119363184089336,0.209392077089009,-0.2221040905,0.6015645777499999
22,200,0.4,pre_score_z,0.357188951052125,0.0922946522922032,0.18281852800000004,0.5431690637499998
22,200,0.87,Intercept,0.059080912945345,0.35250479585697364,-0.6372797652500001,0.7447269704999997
22,200,0.87,groupembodied,1.17786118699625,0.22378552802693952,0.7308390635,1.6181994499999999
22,200,0.87,pre_score_z,0.30342789406092874,0.11092712542022266,0.087768495625,0.5273099857499999
22,200,1.39,Intercept,-0.7583846566857938,0.5091074564717588,-1.7749228775,0.27867281249999964
22,200,1.39,groupembodied,1.61432495520625,0.19951499788614802,1.232397475,2.01180294
22,200,1.39,pre_score_z,0.1535440377477238,0.09932327652034721,-0.03932645212499998,0.34908539825
23,100,0.15,Intercept,-0.11903401030281525,0.4308181460782612,-0.9787193052500001,0.7368325962499999
23,100,0.15,groupembodied,-0.1322000189391646,0.30440762830073476,-0.746242891,0.48135334449999995
23,100,0.15,pre_score_z,0.38319507712645,0.1431404880998706,0.1070686195,0.6715192472499998
23,100,0.4,Intercept,-0.5679661768281982,0.6170900732484953,-1.7601530650000001,0.6953290367499985
23,100,0.4,groupembodied,0.853439098591775,0.31662578823029125,0.23365791000000002,1.4777309999999995
23,100,0.4,pre_score_z,0.6219018862075,0.14503167994485977,0.34100674775,0.9182776457499998
23,100,0.87,Intercept,-0.26593369724565463,0.6308847274954258,-1.5293473475,0.9774133359999995
23,100,0.87,groupembodied,1.139165708848375,0.33705666023286496,0.47299501850000003,1.8057223224999996
23,100,0.87,pre_score_z,0.5040912798114126,0.16614853634008772,0.18610044350000002,0.8400626357499997
23,100,1.39,Intercept,0.026575320243467617,0.452395403818458,-0.8752145554999999,0.9396021684999996
23,100,1.39,groupembodied,1.2960515646619999,0.3286400985300118,0.64146566025,1.936925895
23,100,1.39,pre_score_z,0.22742718537292625,0.17637582763590173,-0.11655314025,0.5745012832499996
23,150,0.15,Intercept,-0.026914901402503497,0.497592388197338,-1.0349130350000002,0.9355166572499996
23,150,0.15,groupembodied,0.3333810698008812,0.25495813382486615,-0.15833578625,0.8418831317499997
23,150,0.15,pre_score_z,0.3445060472514,0.1158777817363865,0.11934009999999999,0.5716756809999999
23,150,0.4,Intercept,-0.49288207263031125,0.5350271229076665,-1.541012665,0.5497118282499999
23,150,0.4,groupembodied,0.5168162638474213,0.24959830163156763,0.021833132200000046,1.0016413874999999
23,150,0.4,pre_score_z,0.37056243275445,0.108903540884737,0.16065273249999998,0.5864769375
23,150,0.87,Intercept,-0.15586081417004707,0.29893443738873304,-0.7636175707499999,0.44132708524999986
23,150,0.87,groupembodied,0.81018394226195,0.231074902658963,0.35865763425,1.2621071074999999
23,150,0.87,pre_score_z,0.18659472566322188,0.10352640024054933,-0.01700979604999999,0.38648044099999995
23,150,1.39,Intercept,-0.0019235839346892238,0.5955398958494944,-1.19969613,1.1742675875
23,150,1.39,groupembodied,1.2545797857535,0.2763787218666975,0.69365518725,1.7875941175
23,150,1.39,pre_score_z,0.3222117128501312,0.11937283782791921,0.090075305775,0.5616132204999998
23,200,0.15,Intercept,-0.37003138362922994,0.39839741996575284,-1.1467208324999998,0.4220831617499997
23,200,0.15,groupembodied,0.47277579615169874,0.21881806141906035,0.04332585365,0.9038651954999998
23,200,0.15,pre_score_z,0.376170259048125,0.10476575706777504,0.17088789175000002,0.5855637752499999
23,200,0.4,Intercept,-0.8499770661153185,0.5228190032995041,-1.8997402575,0.1886911987499999
23,200,0.4,groupembodied,0.10881002243906127,0.251217369210701,-0.3898947105,0.6029867807499999
23,200,0.4,pre_score_z,0.21522478553989374,0.10615498510891785,0.0057650303425000006,0.42518691224999994
23,200,0.87,Intercept,-0.862579274237425,0.4059894340669699,-1.656247015,-0.06354474712500105
23,200,0.87,groupembodied,0.781704820561125,0.20638737304223814,0.3709597895,1.18294049
23,200,0.87,pre_score_z,0.30542434530606,0.10553208605932336,0.09698297892499999,0.5142347955
23,200,1.39,Intercept,0.6028489117320676,0.3088911061068375,-0.041139963249999995,1.1937236450000002
23,200,1.39,groupembodied,1.246656905163,0.22969308160613763,0.79336785525,1.6950056875
23,200,1.39,pre_score_z,0.21319523591266187,0.10301561556684326,0.012810284825000004,0.4183869759999999
24,100,0.15,Intercept,-0.6903053208483837,0.5630859565863376,-1.8034800524999999,0.4498654944999989
24,100,0.15,groupembodied,0.16170231493175805,0.3005133485790124,-0.43310198824999996,0.7555403447499998
24,100,0.15,pre_score_z,0.2319706994925225,0.14739500775824005,-0.059461418849999996,0.52262649975
24,100,0.4,Intercept,-0.2813512809839573,0.4960350214393885,-1.2490550024999998,0.7105795324999997
24,100,0.4,groupembodied,0.610630493672275,0.2789800971171305,0.05879613042500002,1.1564407125
24,100,0.4,pre_score_z,0.20174952192870718,0.1337080318674744,-0.0555360681,0.4673531909999999
24,100,0.87,Intercept,0.2896067335529688,0.5514206589155082,-0.8257913004999999,1.3968895799999996
24,100,0.87,groupembodied,0.6030140421557875,0.31288445721522185,-0.015781847274999986,1.2134681449999998
24,100,0.87,pre_score_z,0.31716818344619,0.17013722802666473,-0.011065526499999999,0.6520178244999999
24,100,1.39,Intercept,-0.04854661668993251,0.5474063345682947,-1.1617526575000001,1.0059881499999999
24,100,1.39,groupembodied,1.28923209544375,0.2568946426914782,0.79534053975,1.7927039449999995
24,100,1.39,pre_score_z,0.28715726875759373,0.12210804106522585,0.056284287675,0.5282920884999998
24,150,0.15,Intercept,0.46614223598696536,0.4702081175967587,-0.47678110724999995,1.3998664274999986
24,150,0.15,groupembodied,-0.0010974347330564964,0.23898305435503053,-0.484137025,0.4709076495
24,150,0.15,pre_score_z,0.1846103055716636,0.10114471850972225,-0.010739436999999987,0.38491874475000004
24,150,0.4,Intercept,-0.5948892812748449,0.5153836732290779,-1.6164780625000001,0.4262601047499998
24,150,0.4,groupembodied,0.41414375159385625,0.2289310449003361,-0.03851717962499999,0.8696451819999996
24,150,0.4,pre_score_z,0.06478139100298758,0.11029556629154952,-0.15373052700000003,0.2781610135
24,150,0.87,Intercept,-0.10890644699155451,0.5408532151525858,-1.191890655,0.9568663919999996
24,150,0.87,groupembodied,0.7811175955362625,0.2613065725703443,0.2598638145,1.297185017499999
24,150,0.87,pre_score_z,0.2110533762475411,0.10306758744013615,0.008950119465000003,0.4127178469999999
24,150,1.39,Intercept,-0.22766606203540463,0.29454838111078735,-0.80953577375,0.3655010609999993
24,150,1.39,groupembodied,1.40754918222125,0.2445860015491781,0.9380239365,1.8885688449999998
24,150,1.39,pre_score_z,0.3387418360576751,0.12263576323492811,0.10086920225,0.5791923782499999
24,200,0.15,Intercept,0.7843228412497787,0.5474420783552061,-0.32885172725,1.8715478225
24,200,0.15,groupembodied,0.04870325083875551,0.3016356579455709,-0.511521662,0.6721416109999994
24,200,0.15,pre_score_z,0.40505812492675,0.10057312749386214,0.21211442625,0.60824944825
24,200,0.4,Intercept,-0.3488773174249827,0.32338811174028864,-0.9904852939999998,0.2865915374999999
24,200,0.4,groupembodied,0.4506470880689375,0.2328678300813716,-0.013313107724999978,0.90560358675
24,200,0.4,pre_score_z,0.36201530427075,0.10483084306961143,0.16134605925,0.5689658672499999
24,200,0.87,Intercept,0.3799321538301304,0.37981164136076473,-0.3864169985,1.137128185
24,200,0.87,groupembodied,0.65941985048595,0.2181105796686518,0.22938904425,1.1019352374999998
24,200,0.87,pre_score_z,0.449449765597125,0.09691104533660151,0.26187448425000004,0.6429454115
24,200,1.39,Intercept,-0.12296422954650213,0.6545529033813039,-1.4254031725,1.1667072124999989
24,200,1.39,groupembodied,1.160045134165,0.24515810703469476,0.66696565775,1.6315233324999996
24,200,1.39,pre_score_z,0.259699097280825,0.10844686231755156,0.052579181825,0.4739682195
25,100,0.15,Intercept,-0.7595104514815375,0.22530115332603348,-1.2200386975,-0.31698927475000077
25,100,0.15,groupembodied,0.43692788605329375,0.26896111741093387,-0.09787822935,0.9675520137499999
25,100,0.15,pre_score_z,0.29433523623133123,0.13796560580500442,0.024159944575000005,0.5697492702499996
25,100,0.4,Intercept,-0.07588424955898627,0.503122879734436,-1.0736671450000002,0.9245596532499993
25,100,0.4,groupembodied,0.5409089509511863,0.290832386694639,-0.034119412599999975,1.1052456799999997
25,100,0.4,pre_score_z,0.35530173405042503,0.13549708544731875,0.09980527162500001,0.6225770997499999
25,100,0.87,Intercept,-0.03552885382237894,0.5062257355557571,-1.0637318,0.9279151969999995
25,100,0.87,groupembodied,0.8857927076165975,0.2914356309469031,0.32221014350000005,1.4633074549999991
25,100,0.87,pre_score_z,0.3694530995582975,0.15691793114122238,0.05960160787500001,0.6832949167499998
25,100,1.39,Intercept,-0.40728018925679627,0.47863900296896544,-1.390840685,0.5310651337499986
25,100,1.39,groupembodied,1.301771247010875,0.30876828623407426,0.6987850710000001,1.9230875874999995
25,100,1.39,pre_score_z,0.3041549407468588,0.1390530542480917,0.033049922300000006,0.5751983844999999
25,150,0.15,Intercept,-0.5501780136152311,0.334750299861585,-1.2098293875,0.1174415762499998
25,150,0.15,groupembodied,0.2731820391052761,0.23924505916757194,-0.19931533624999997,0.7331207419999997
25,150,0.15,pre_score_z,0.19297173711726887,0.10785290371116832,-0.020716243424999996,0.40320221250000005
25,150,0.4,Intercept,-0.13403960028775772,0.42362116122675414,-0.983138305,0.6762127867499996
25,150,0.4,groupembodied,0.61676989891892,0.24295222200592517,0.13319517374999998,1.0900283674999993
25,150,0.4,pre_score_z,0.11748385063946289,0.1064575669255627,-0.09383218184999999,0.32183851025
25,150,0.87,Intercept,0.09845335131186364,0.3508944707423937,-0.6044304815,0.7871325432499997
25,150,0.87,groupembodied,0.647296470547725,0.218409235269495,0.22104571650000002,1.0877663924999998
25,150,0.87,pre_score_z,0.22764701444824376,0.11126897081968247,0.008912379877500008,0.449980798
25,150,1.39,Intercept,0.7479604908283125,0.48600348957691353,-0.2542236552499999,1.7084353124999991
25,150,1.39,groupembodied,1.395893100470125,0.26591601557445516,0.87070095475,1.9221339299999998
25,150,1.39,pre_score_z,0.42500684862175,0.12234740829502723,0.18955148025000002,0.6713528655
25,200,0.15,Intercept,-0.22738948036967044,0.4951614035186523,-1.1814552975000001,0.8075665327499996
25,200,0.15,groupembodied,0.24225484909777864,0.2186638915848726,-0.19322209699999998,0.6725351992499999
25,200,0.15,pre_score_z,0.47732791838325,0.1112552469695966,0.26506968124999997,0.6979785839999999
25,200,0.4,Intercept,0.2874322338241588,0.4504812892865186,-0.63314411675,1.1506987149999999
25,200,0.4,groupembodied,0.6654521157747062,0.2581952695842993,0.15327914350000002,1.1772721600000002
25,200,0.4,pre_score_z,0.3151741564214625,0.11413342147177086,0.09809574797500001,0.545128323
25,200,0.87,Intercept,-0.35624143214377374,0.3950471010201409,-1.14495608,0.4299636534999986
25,200,0.87,groupembodied,0.90436087545,0.21370022271203598,0.480941909,1.3196211924999994
25,200,0.87,pre_score_z,0.28570337892597625,0.09393035930054831,0.09968373705000001,0.4711208367499999
25,200,1.39,Intercept,-0.41770240507157375,0.4532029190667363,-1.3574305375,0.4651674359999998
25,200,1.39,groupembodied,1.39540341394,0.23809318474744887,0.93062883625,1.8566487375
25,200,1.39,pre_score_z,0.3326112363524825,0.10794108380263155,0.12574193575,0.5470087704999999
26,100,0.15,Intercept,-0.03294991824127437,0.3521482518744539,-0.7471972849999999,0.6746579244999996
26,100,0.15,groupembodied,-0.022935277682084997,0.2673470139033309,-0.5508717057500001,0.5031505442499996
26,100,0.15,pre_score_z,0.24319659180112374,0.12114799473503968,0.009457225792500003,0.48304531824999997
26,100,0.4,Intercept,-0.07756470274269399,0.40622009812341003,-0.9046329369999999,0.7154392479999997
26,100,0.4,groupembodied,0.8657860280516125,0.27539796624501806,0.31468318725,1.4083650575
26,100,0.4,pre_score_z,0.3962677078620625,0.12796127325338388,0.14930398725000002,0.6544907239999995
26,100,0.87,Intercept,-0.7494902530176613,0.3816194388030419,-1.5174500199999998,0.017890270049999758
26,100,0.87,groupembodied,0.3930652550116084,0.30683147407153055,-0.21482603599999997,0.9901317432499996
26,100,0.87,pre_score_z,0.11239990081225437,0.147199605093836,-0.17620299675,0.4088591737499998
26,100,1.39,Intercept,-0.24757563386035752,0.4803621742933541,-1.2233446374999999,0.7062085269999997
26,100,1.39,groupembodied,1.167990725354125,0.30162074728904037,0.581158528,1.762993707499999
26,100,1.39,pre_score_z,0.453082319874425,0.12665157548084122,0.20510802649999998,0.7000610174999997
26,150,0.15,Intercept,-0.6315233932658197,0.3521363859220902,-1.35079409,0.06588296302499999
26,150,0.15,groupembodied,0.24169510130207375,0.24709223982928172,-0.23783379425,0.7172905892499998
26,150,0.15,pre_score_z,0.08281516310428137,0.1168680387667787,-0.14683289425,0.3163883894999999
26,150,0.4,Intercept,0.489926648352875,0.4543185784272808,-0.40310003199999994,1.3886635749999998
26,150,0.4,groupembodied,0.3007716622647153,0.22706515896600024,-0.14365645400000002,0.752927664
26,150,0.4,pre_score_z,0.14196388791909825,0.11537295591950021,-0.08676145975,0.36694715374999987
26,150,0.87,Intercept,0.07014675378986751,0.5160127009080987,-0.96295075675,1.1168541899999993
26,150,0.87,groupembodied,0.5500476272031225,0.2782263167320262,-0.007157135874999982,1.0836010724999998
26,150,0.87,pre_score_z,0.44667699031425,0.12458171256915061,0.20160898025000001,0.68999903825
26,150,1.39,Intercept,-0.830788327855422,0.5269619022739852,-1.89716625,0.21199274174999994
26,150,1.39,groupembodied,1.19654387755,0.3025350240510525,0.5933948244999999,1.7893506424999999
26,150,1.39,pre_score_z,0.3088701516541875,0.11766976553628979,0.07888607005,0.5373758477499998
26,200,0.15,Intercept,-0.31955344139438,0.634153443181938,-1.6221454924999998,0.9445547137499999
26,200,0.15,groupembodied,0.18127000101736726,0.31111844795113874,-0.43537793225,0.7849273799999992
26,200,0.15,pre_score_z,0.2859502343175744,0.09710581225039366,0.09786769850000002,0.4768573374999999
26,200,0.4,Intercept,-0.5810610335452537,0.5993491323640372,-1.7681356975,0.5966469329999996
26,200,0.4,groupembodied,0.5591782017122875,0.1986907917998994,0.16752498600000001,0.95577189925
26,200,0.4,pre_score_z,0.3160386006573637,0.08852994112677866,0.141231917,0.491683671
26,200,0.87,Intercept,-0.6161022047226463,0.5121923552344614,-1.5940021749999997,0.4077238614999997
26,200,0.87,groupembodied,0.9372749299846125,0.27372576195212533,0.38910541625,1.4736763275
26,200,0.87,pre_score_z,0.410514659194375,0.09796965107739644,0.22196571225000003,0.6039733215
26,200,1.39,Intercept,-0.204905720182326,0.4308548429509676,-1.0846953975,0.6269206642499997
26,200,1.39,groupembodied,1.4761122498250001,0.2067750848717366,1.07510105,1.8908844450000002
26,200,1.39,pre_score_z,0.292708081794715,0.10028347848414561,0.09545851567500001,0.49067933124999996
27,100,0.15,Intercept,-0.12991730369364377,0.46424002429203404,-1.0574288875000002,0.7993628857499998
27,100,0.15,groupembodied,-0.05169162556187517,0.2733966806930555,-0.59455978975,0.49577959124999993
27,100,0.15,pre_score_z,0.15875252888834662,0.12182632258673301,-0.08315463144999999,0.3952533777499999
27,100,0.4,Intercept,0.3465502493515762,0.625073491987431,-0.90190540725,1.57252712
27,100,0.4,groupembodied,0.15998201347245425,0.30496113440179723,-0.4386638405,0.7651163797499997
27,100,0.4,pre_score_z,0.23565970394092775,0.1525270502835003,-0.06110749955,0.5358399274999996
27,100,0.87,Intercept,-0.17298971098343877,0.5456060075770498,-1.2281273525,0.9057742824999999
27,100,0.87,groupembodied,0.5511286799885825,0.293622459964578,-0.05021068214999999,1.1193838349999998
27,100,0.87,pre_score_z,0.5193200366086442,0.1430434058947946,0.24897028100000002,0.8057879364999999
27,100,1.39,Intercept,-0.3083909911841275,0.6642279298269991,-1.592415315,1.034078244999999
27,100,1.39,groupembodied,1.1947284195517125,0.2993541956592006,0.5950971622500001,1.7747065074999995
27,100,1.39,pre_score_z,0.41202721609459625,0.14316602609680001,0.139489226,0.6980225344999997
27,150,0.15,Intercept,0.2277996785945946,0.4375425057744595,-0.62709175425,1.1083410474999995
27,150,0.15,groupembodied,-0.24549192666136876,0.2546999769276433,-0.74575227375,0.24624235574999995
27,150,0.15,pre_score_z,0.3313832256823125,0.11975941055328745,0.09447983965000001,0.5616618510000001
27,150,0.4,Intercept,0.7341678066682875,0.37417166166367805,-0.01033193367499999,1.4672682674999988
27,150,0.4,groupembodied,0.5248906829453962,0.2919617400524571,-0.05142591655,1.1093523999999997
27,150,0.4,pre_score_z,0.16134633084307975,0.11129782895795344,-0.05496183272499998,0.3796048852499999
27,150,0.87,Intercept,0.10516186784644692,0.5500331389784808,-0.9753567297500001,1.1843394174999995
27,150,0.87,groupembodied,0.7276416132664,0.23675109221064508,0.247920673,1.1967168375
27,150,0.87,pre_score_z,0.294807055936935,0.106407873129697,0.08986156415,0.5007214272499999
27,150,1.39,Intercept,0.5901468378465144,0.5084313823751906,-0.40654256199999994,1.611170149999999
27,150,1.39,groupembodied,1.03417395995525,0.25969302345340683,0.5294764574999999,1.5495235599999997
27,150,1.39,pre_score_z,0.3524118061194825,0.11860994658470889,0.11817873025,0.5894480894999999
27,200,0.15,Intercept,-0.12822103328986423,0.6313726716223453,-1.3994830799999998,1.1132085374999987
27,200,0.15,groupembodied,0.059787296383685205,0.2369633364697937,-0.4102936645,0.5227275034999997
27,200,0.15,pre_score_z,0.19382048037770375,0.10377927260262497,-0.009077907617499987,0.4027537039999998
27,200,0.4,Intercept,-0.328793318669585,0.4657581620739581,-1.25088523,0.6132723842499995
27,200,0.4,groupembodied,0.62641764122625,0.18252291569460202,0.26570023175,0.9795711399999999
27,200,0.4,pre_score_z,0.26599201641889125,0.09102463629433935,0.08448231517500002,0.4428859417499998
27,200,0.87,Intercept,-0.052008786575966144,0.3542394927691821,-0.7763649180000001,0.6612964987499997
27,200,0.87,groupembodied,0.6193256736056125,0.24644346003895248,0.116959969,1.0993049824999992
27,200,0.87,pre_score_z,0.3029365390698375,0.08157344052893481,0.14415529700000002,0.4648318752499998
27,200,1.39,Intercept,0.5333088283603279,0.5968707743062276,-0.6749989684999999,1.70410018
27,200,1.39,groupembodied,1.16962995401675,0.24705544395693688,0.68122840325,1.6522843249999997
27,200,1.39,pre_score_z,0.37336909965862497,0.10212455725782622,0.1762100995,0.57637605375
28,100,0.15,Intercept,-0.03405611193942066,0.46351351605208535,-0.9225634845,0.9040121727499997
28,100,0.15,groupembodied,0.33081835794786624,0.3426595585442058,-0.34580904125,0.99698993175
28,100,0.15,pre_score_z,0.18819428047871928,0.14960037722834557,-0.10222047249999998,0.48730919624999997
28,100,0.4,Intercept,0.38597556034185,0.4312137050552202,-0.49524620975,1.2322056375
28,100,0.4,groupembodied,0.2420659509749425,0.26694551402637523,-0.28209898725,0.7837427072499998
28,100,0.4,pre_score_z,0.3051740911866,0.1176690356338565,0.072085454525,0.5415188732499999
28,100,0.87,Intercept,0.6450930669238599,0.4570078028128211,-0.24846639775,1.5512204574999995
28,100,0.87,groupembodied,0.4827003257199555,0.3464784840120927,-0.20120426174999995,1.1731582799999998
28,100,0.87,pre_score_z,0.3480133361548605,0.16450763851620256,0.030431086050000007,0.6748068232500001
28,100,1.39,Intercept,0.545064393480155,0.7074035293185797,-0.886584804,1.917636865
28,100,1.39,groupembodied,1.223543325648125,0.3521939291143838,0.509889426,1.9009062874999987
28,100,1.39,pre_score_z,0.30866004627073623,0.13969263160570597,0.04031968227500001,0.5809646355
28,150,0.15,Intercept,-0.4732260898042775,0.31185411735977775,-1.0877078749999998,0.14703062374999998
28,150,0.15,groupembodied,-0.11345050667585625,0.23824753320591535,-0.5757378025000001,0.3725600959999994
28,150,0.15,pre_score_z,0.537995941615,0.11185473100357188,0.31805096174999997,0.755183436
28,150,0.4,Intercept,-0.20078303352795715,0.42124258195513165,-1.0766991824999999,0.6210707852499997
28,150,0.4,groupembodied,0.2739375843754315,0.22542395204961935,-0.16589809824999996,0.7203566007499999
28,150,0.4,pre_score_z,0.26691831129681376,0.09886563016037432,0.07504958505,0.4634863447499999
28,150,0.87,Intercept,0.30474313362358724,0.4042033078863111,-0.5005081155,1.1395230925
28,150,0.87,groupembodied,0.714954121615325,0.23368959964544406,0.25008815850000005,1.1665657324999998
28,150,0.87,pre_score_z,0.17722663382422374,0.1103175863520707,-0.03643639797499999,0.39317855524999995
28,150,1.39,Intercept,-0.6876821235492124,0.45638730905248925,-1.62114598,0.181976983
28,150,1.39,groupembodied,1.81523029986125,0.2604187725746054,1.31027205,2.3384804475000003
28,150,1.39,pre_score_z,0.0725635815373463,0.12469782486272322,-0.1686840375,0.31736986449999977
28,200,0.15,Intercept,-0.6523417244413262,0.28442225675367927,-1.2205470275,-0.0866467736500002
28,200,0.15,groupembodied,0.3379551036946425,0.2096283917228863,-0.07676732005,0.7490354282499997
28,200,0.15,pre_score_z,0.288989551583,0.09208881028910916,0.10763870225000002,0.4720833164999999
28,200,0.4,Intercept,0.02791849732729582,0.5117488185301593,-1.0089395025,1.0270190074999999
28,200,0.4,groupembodied,0.4172080878996275,0.21466061004154185,-0.001456469672499981,0.84393632825
28,200,0.4,pre_score_z,0.21404759439811874,0.08904902661964861,0.041236730799999996,0.386206499
28,200,0.87,Intercept,0.03537217200147127,0.740388364863506,-1.4298310175,1.527746195
28,200,0.87,groupembodied,1.1303278894206374,0.26517078984985126,0.6050706875,1.6409998924999993
28,200,0.87,pre_score_z,0.31264669596752626,0.11206816256756691,0.09075289177500001,0.5291722079999999
28,200,1.39,Intercept,-0.30717448894050076,0.4566817917656669,-1.1977519325000001,0.60948298125
28,200,1.39,groupembodied,1.451159795715,0.20996702301429052,1.0397547275,1.8682935525
28,200,1.39,pre_score_z,0.3236862379354075,0.10827596738273695,0.1095186325,0.5371539547499999
29,100,0.15,Intercept,-0.1910410060101539,0.5475138003403691,-1.278117905,0.9002196837499993
29,100,0.15,groupembodied,-0.2921965426893021,0.34014106719260656,-0.960300303,0.3762312644999999
29,100,0.15,pre_score_z,0.487455455100975,0.1588605266979267,0.17970816,0.8048637519999998
29,100,0.4,Intercept,-0.809234921989747,0.6454378810078559,-2.1149239325,0.49520190474999765
29,100,0.4,groupembodied,0.5158306904364779,0.3323673821742936,-0.13645564575,1.1653374649999997
29,100,0.4,pre_score_z,0.04779796036086888,0.15848523559727395,-0.26220772875,0.3608516832499999
29,100,0.87,Intercept,-0.32187389530982535,0.46909060518418066,-1.2740741875,0.6245699424999998
29,100,0.87,groupembodied,0.9727017867295,0.33879984194328855,0.31513345924999997,1.6426648724999997
29,100,0.87,pre_score_z,0.460694335422525,0.14660517836351347,0.17441414424999999,0.7472723939999999
29,100,1.39,Intercept,-0.6332945995400276,0.5221819163536389,-1.6586494649999999,0.4114951674999992
29,100,1.39,groupembodied,1.395364752299625,0.3160797292270124,0.761318832,2.0166483724999997
29,100,1.39,pre_score_z,0.255254556150108,0.14076417564318763,-0.016737688775,0.5364312062500001
29,150,0.15,Intercept,0.09782562324958474,0.44671328595676646,-0.7719989335,0.98331311525
29,150,0.15,groupembodied,0.017370565876829877,0.25449341381071633,-0.48875664825,0.5075962054999998
29,150,0.15,pre_score_z,0.2945435461441637,0.10610068844543794,0.09313132770000002,0.507971364
29,150,0.4,Intercept,0.055190240667704844,0.5629617112361095,-1.0636014824999998,1.1835602299999992
29,150,0.4,groupembodied,0.401867640284525,0.2589542020281533,-0.10323526775,0.9012040777499994
29,150,0.4,pre_score_z,0.328414432348295,0.11983778941146542,0.099911113525,0.56428427575
29,150,0.87,Intercept,-0.5964949247361025,0.36490309322947595,-1.3274029749999998,0.12101649774999997
29,150,0.87,groupembodied,0.819435860694125,0.2178207148438722,0.386609979,1.2526432749999998
29,150,0.87,pre_score_z,0.34326585703265,0.09833721430893655,0.15489111675,0.53753591175
29,150,1.39,Intercept,-0.0577978022363015,0.3839189069641595,-0.8029780985,0.6960699707499999
29,150,1.39,groupembodied,1.13376264339125,0.249663365806328,0.6527214735,1.6332535424999999
29,150,1.39,pre_score_z,0.09194280111851237,0.10506146892550013,-0.112901041,0.3014983965
29,200,0.15,Intercept,-0.43307352004634414,0.3328761803501711,-1.09817398,0.2347172709999997
29,200,0.15,groupembodied,0.24605167751748763,0.204554858146909,-0.17620333575,0.6500912875
29,200,0.15,pre_score_z,0.360119078576,0.09269009873430514,0.18052705975,0.546721104
29,200,0.4,Intercept,-0.13530138915253426,0.5830193688102739,-1.3144742775,1.045340205
29,200,0.4,groupembodied,0.6288127826846812,0.21980681453032822,0.189308228,1.0500706824999995
29,200,0.4,pre_score_z,0.2043090504788475,0.08978115286522691,0.027035173975000007,0.38025754949999985
29,200,0.87,Intercept,-0.26974583132927565,0.5965139677173027,-1.4898293625,0.8912721962499994
29,200,0.87,groupembodied,0.854445023090625,0.228096954573021,0.40569069550000003,1.3020220525000001
29,200,0.87,pre_score_z,0.42880220402375,0.11536074907552818,0.20456962325,0.6558761579999998
29,200,1.39,Intercept,0.08339058763770987,0.5529165387273626,-1.0209174699999999,1.1753142875
29,200,1.39,groupembodied,1.46849050120875,0.22509673153050364,1.0388491475000001,1.9244426925
29,200,1.39,pre_score_z,0.22945315654368087,0.10470918087825172,0.02300958985,0.4317195084999999
30,100,0.15,Intercept,0.06261231585417501,0.4631870627963445,-0.8425192477499999,0.9921832214999999
30,100,0.15,groupembodied,0.07660876112603036,0.28942281794846225,-0.49368856624999996,0.6563113184999995
30,100,0.15,pre_score_z,0.31487975057470713,0.14452210827059211,0.028371833975000014,0.5958497107499999
30,100,0.4,Intercept,-0.9962764447795621,0.4605978435282797,-1.9326723275,-0.06400999992500017
30,100,0.4,groupembodied,0.5921569883346063,0.26676550290006007,0.07297652175000002,1.1200853
30,100,0.4,pre_score_z,0.42164836738884,0.13668776074121033,0.16382038175000002,0.6939673885
30,100,0.87,Intercept,0.09763912556114088,0.5023222448168854,-0.87333300075,1.095715065
30,100,0.87,groupembodied,0.26581821390816196,0.33186404791978596,-0.39277417800000003,0.9220142082499998
30,100,0.87,pre_score_z,0.3421626532804125,0.16027280909746108,0.024264430275000002,0.6572829072499999
30,100,1.39,Intercept,-0.2789972103420835,0.4560973379136443,-1.1915086125,0.6139053379999995
30,100,1.39,groupembodied,1.7437250016224999,0.2635743188823411,1.2293006700000002,2.26417761
30,100,1.39,pre_score_z,0.29808088529219373,0.11880155038795799,0.067074324425,0.5303301974999999
30,150,0.15,Intercept,0.28638237937921984,0.6033508082700855,-0.9473290165,1.4455058324999999
30,150,0.15,groupembodied,0.0819467196516335,0.25321119275536125,-0.40422614225,0.5863249649999998
30,150,0.15,pre_score_z,0.22850653933547313,0.10677452879608561,0.014948086300000014,0.4377923445
30,150,0.4,Intercept,1.4003115045628,0.5180984695953682,0.34845365100000003,2.4129016849999996
30,150,0.4,groupembodied,0.742517886503375,0.24857688301415912,0.26349579175000004,1.2316998674999993
30,150,0.4,pre_score_z,0.2314696750375985,0.12275008111515044,-0.005165632634999992,0.47378664949999977
30,150,0.87,Intercept,0.34645920968276,0.3762439464100845,-0.4274525625,1.0899565875000001
30,150,0.87,groupembodied,0.59210779458825,0.2406929209562543,0.13868118075,1.0753718049999998
30,150,0.87,pre_score_z,0.377441874781575,0.11770470891909941,0.14889880075000003,0.60796653975
30,150,1.39,Intercept,-0.47499281788886527,0.48495799902376596,-1.435608825,0.5061302137499988
30,150,1.39,groupembodied,1.3474322581075,0.2415272743133946,0.87345714575,1.8177192699999998
30,150,1.39,pre_score_z,0.2125326892690675,0.11611728722119796,-0.013584828325,0.4470074324999998
30,200,0.15,Intercept,-0.6053516775461738,0.36557210936535767,-1.3224984575,0.1386296554999999
30,200,0.15,groupembodied,0.03145806144282251,0.18612303132687452,-0.33920072925,0.40427937225
30,200,0.15,pre_score_z,0.44452054568625,0.08855370340303881,0.27625132775,0.62120461475
30,200,0.4,Intercept,-0.1479025120483199,0.47466963371706866,-1.074452145,0.8108223757499998
30,200,0.4,groupembodied,0.5121393039087275,0.2198513967754865,0.07807823797500002,0.9412963167499998
30,200,0.4,pre_score_z,0.3276858872312875,0.08869816107141064,0.1570360265,0.50358587325
30,200,0.87,Intercept,-0.4289392465190849,0.4553872971449088,-1.32198554,0.506490083999998
30,200,0.87,groupembodied,1.00567709358625,0.1870760781087217,0.6454211885,1.37903272
30,200,0.87,pre_score_z,0.3565250516824725,0.09237043276393446,0.1772358925,0.5416113224999999
30,200,1.39,Intercept,-0.20649827749976138,0.3693450628722811,-0.935317616,0.53561311475
30,200,1.39,groupembodied,1.23511235850125,0.23317745618694982,0.7695522195000001,1.6870891375
30,200,1.39,pre_score_z,0.33803079291292,0.10740664266999041,0.1302947815,0.555158668
31,100,0.15,Intercept,0.498669777824485,0.582867948608178,-0.6615079774999999,1.6529540175
31,100,0.15,groupembodied,-0.050870486153237984,0.30293666264350755,-0.6402678487500001,0.54046043525
31,100,0.15,pre_score_z,0.27389001415988873,0.1560426887421266,-0.027845212524999986,0.5861175217499999
31,100,0.4,Intercept,0.4636039158802796,0.4816911805259222,-0.47956078924999995,1.408370805
31,100,0.4,groupembodied,-0.2670238111002065,0.27843876462889733,-0.8019516782499999,0.2972810424999988
31,100,0.4,pre_score_z,0.038015541606600624,0.12631523532450475,-0.20653382024999997,0.2844117412499999
31,100,0.87,Intercept,-0.4900743409644766,0.4078193487523991,-1.31239709,0.3116702682499996
31,100,0.87,groupembodied,0.8899268336861262,0.31068649934804116,0.26886136475000005,1.4964017125
31,100,0.87,pre_score_z,0.2790818572108653,0.13901048530494345,0.0037559237650000034,0.5497174204999998
31,100,1.39,Intercept,-0.33517911392023125,0.5403569332839278,-1.4089357925000001,0.7637694789999998
31,100,1.39,groupembodied,1.3977134967012501,0.27423341556085473,0.8667117805,1.9394225149999995
31,100,1.39,pre_score_z,0.20246209815086075,0.1302889648808021,-0.054685941,0.46053898674999966
31,150,0.15,Intercept,0.11626099134672775,0.26194975362099276,-0.40198238075,0.6282729954999996
31,150,0.15,groupembodied,0.29080018041698485,0.22289760490393015,-0.14615506974999998,0.7216216417499999
31,150,0.15,pre_score_z,0.25647781610883424,0.10286564635325364,0.054249823375,0.4600962617499996
31,150,0.4,Intercept,0.3029821783648212,0.5291683430582299,-0.7578168029999999,1.3561120825
31,150,0.4,groupembodied,0.2685080976499175,0.2427636931957754,-0.20457395474999998,0.7443066644999998
31,150,0.4,pre_score_z,0.29029111808494373,0.12042678737058755,0.05746255402500001,0.52763073775
31,150,0.87,Intercept,0.3386953343299649,0.4608784704589224,-0.55252146475,1.2601561725
31,150,0.87,groupembodied,0.57462830615237,0.21181977964145104,0.161364111,0.9911693664999998
31,150,0.87,pre_score_z,0.504308643343,0.10592831253075669,0.29631049125000003,0.71231579925
31,150,1.39,Intercept,-0.5089434481719065,0.5161945686563241,-1.5550023875,0.5143309449999999
31,150,1.39,groupembodied,1.051972563115125,0.23342345755888358,0.58846652325,1.5036348449999992
31,150,1.39,pre_score_z,0.392122944486075,0.116951150401973,0.166027741,0.6245605249999999
31,200,0.15,Intercept,0.09743133874251063,0.4414608933268764,-0.78351505075,0.972503084999999
31,200,0.15,groupembodied,0.10702921720053875,0.19328576912323925,-0.273912345,0.4893221085
31,200,0.15,pre_score_z,0.288367911553125,0.08280974714376033,0.1284440965,0.45141724324999993
31,200,0.4,Intercept,0.5711471563743523,0.7171543389148625,-0.913020936,1.9788070849999992
31,200,0.4,groupembodied,0.1047585360178965,0.2184957072154043,-0.33602116849999997,0.5291043847499999
31,200,0.4,pre_score_z,0.355780243812625,0.09361746790539492,0.17170850675,0.5355622152499999
31,200,0.87,Intercept,-0.9406229227580375,0.3182548141423302,-1.5936574,-0.30591855075000024
31,200,0.87,groupembodied,0.931335053965875,0.20061999749364648,0.528879043,1.3281905099999998
31,200,0.87,pre_score_z,0.17769071516736626,0.0858936779594621,0.009069870037499999,0.34976884424999993
31,200,1.39,Intercept,0.76141858747501,0.6314276136631121,-0.5242509234999999,1.9474517249999999
31,200,1.39,groupembodied,1.102682307706625,0.23665722215254312,0.6349079089999999,1.5768269974999998
31,200,1.39,pre_score_z,0.3698966487145625,0.11379943148079533,0.14819120625,0.59875163
32,100,0.15,Intercept,-0.33822011311871625,0.37304227460816675,-1.0711021774999998,0.38005079249999996
32,100,0.15,groupembodied,-0.3019333055524755,0.29288330585161104,-0.8886838875,0.2711973764999992
32,100,0.15,pre_score_z,0.23647821362145996,0.13916154239757947,-0.034326051575,0.5073106414999999
32,100,0.4,Intercept,-0.6450199899428413,0.6419165443767084,-1.930098525,0.6489834374999998
32,100,0.4,groupembodied,0.484448515395575,0.29616208036682246,-0.1016774995,1.0599639124999998
32,100,0.4,pre_score_z,0.2308644919205471,0.1322958427775024,-0.02516995622499999,0.49004436324999984
32,100,0.87,Intercept,-0.010138271571767847,0.6077538833566474,-1.23787004,1.1818468574999994
32,100,0.87,groupembodied,0.5794887530989619,0.30180299709352343,-0.028494206249999994,1.1541949524999997
32,100,0.87,pre_score_z,0.450865250542875,0.12457561050028094,0.21482043574999998,0.7010996949999998
32,100,1.39,Intercept,0.5778994321761357,0.5525406919056812,-0.538249837,1.674939929999999
32,100,1.39,groupembodied,0.7483682466592,0.2925268196366881,0.1791321095,1.3247345849999994
32,100,1.39,pre_score_z,0.41600504841631253,0.13470983999702782,0.156262633,0.685705603
32,150,0.15,Intercept,-0.42509364318045373,0.5194934586016452,-1.4427155975,0.6435713314999999
32,150,0.15,groupembodied,0.31203326933042363,0.22213017035281016,-0.13426283774999997,0.74041963725
32,150,0.15,pre_score_z,0.25618871978617114,0.11031311388089608,0.0337537466,0.47427605975
32,150,0.4,Intercept,0.46748332561156253,0.4180787338684906,-0.35716606149999997,1.2853579674999998
32,150,0.4,groupembodied,0.38236008509624225,0.2692665264446393,-0.14735136324999998,0.9189665537499998
32,150,0.4,pre_score_z,0.4292303792679,0.11967305144448048,0.20277226350000002,0.67107502225
32,150,0.87,Intercept,-0.14334359496136237,0.33659954578248824,-0.835232123,0.5058446812499987
32,150,0.87,groupembodied,0.8781882698907125,0.2463365196963313,0.39720231175000004,1.3681239824999998
32,150,0.87,pre_score_z,0.32146343338543126,0.1136893176067542,0.09770347300000001,0.5492639619999999
32,150,1.39,Intercept,0.5989407692259637,0.3994785889766459,-0.185276198,1.4094378324999999
32,150,1.39,groupembodied,1.52851034412125,0.2596543371513463,0.9979139907500001,2.0336611625
32,150,1.39,pre_score_z,0.2921024530461875,0.10762767195758233,0.07824774372499999,0.50232852425
32,200,0.15,Intercept,-0.58539799930533,0.49869277104441834,-1.5615844175,0.42321275575
32,200,0.15,groupembodied,0.2558475575536725,0.1773523131814141,-0.08884739124999999,0.6087294857499997
32,200,0.15,pre_score_z,0.2173978025946175,0.09322961965307767,0.033798988925,0.40073085325
32,200,0.4,Intercept,-0.4757337141267461,0.41164420907927096,-1.278335915,0.3786912489999998
32,200,0.4,groupembodied,0.397363001258285,0.2071999192229044,-5.364218469999861e-4,0.8098853772500001
32,200,0.4,pre_score_z,0.2790329459758625,0.09792072031174207,0.0885966289,0.47142012299999997
32,200,0.87,Intercept,0.05039388110230374,0.709703523881613,-1.3610164974999999,1.456329582499999
32,200,0.87,groupembodied,0.760702736009875,0.21628700801324838,0.331773009,1.1917609724999998
32,200,0.87,pre_score_z,0.2760851386613375,0.0953708826060356,0.090512671425,0.4647429202499999
32,200,1.39,Intercept,-0.3085347827255728,0.6281831855056452,-1.58089657,0.9366169052499995
32,200,1.39,groupembodied,1.660630103819625,0.2598887491485822,1.1307250625,2.156302175
32,200,1.39,pre_score_z,0.19113989582067661,0.10978418835674215,-0.0241337064,0.40586252599999995
33,100,0.15,Intercept,0.9884953180588,0.40596095096352264,0.17195572825000005,1.7847482024999992
33,100,0.15,groupembodied,-0.5374903120578053,0.29175655875830964,-1.1165543775,0.050429849124999586
33,100,0.15,pre_score_z,0.293226449835005,0.12365396807891108,0.05450915335000001,0.5339732245000001
33,100,0.4,Intercept,-0.36501263921466115,0.4317172189485492,-1.2378766374999999,0.5020011484999999
33,100,0.4,groupembodied,0.383914389513685,0.29178796751716274,-0.1872964905,0.9530628422499999
33,100,0.4,pre_score_z,0.36218295330182876,0.1376832950881599,0.09743369452500002,0.634389575
33,100,0.87,Intercept,0.1720850592836695,0.5342226038560897,-0.91168962425,1.2249725574999988
33,100,0.87,groupembodied,0.5563207200897844,0.30762865021312014,-0.04853396244999999,1.1634609099999997
33,100,0.87,pre_score_z,0.27474587400772627,0.13545097623890512,0.013516678200000002,0.5407568414999997
33,100,1.39,Intercept,-0.007453135152712375,0.5863516065979782,-1.2002015174999998,1.1315581174999998
33,100,1.39,groupembodied,1.398646718876225,0.326490776703257,0.7611818364999999,2.0501977525
33,100,1.39,pre_score_z,0.30477046326011414,0.14612289065584214,0.02222209190000002,0.5931551417499998
33,150,0.15,Intercept,-0.6041357653572474,0.5261662731478527,-1.626961635,0.46522337724999985
33,150,0.15,groupembodied,-0.08125531622831264,0.29193489192076344,-0.65861053,0.50368879275
33,150,0.15,pre_score_z,0.51855984691425006,0.11208614065911911,0.3031454645,0.74556100525
33,150,0.4,Intercept,-0.3564849632198948,0.5724516937576944,-1.4850795225,0.7758695957499987
33,150,0.4,groupembodied,0.6701458778329312,0.2565826619150516,0.17098147025000002,1.1740512049999996
33,150,0.4,pre_score_z,0.3421834774987875,0.11410003908082171,0.12139626950000001,0.5692092784999999
33,150,0.87,Intercept,0.10236647965362002,0.3790281513414093,-0.6700402455,0.87017344175
33,150,0.87,groupembodied,0.799437878896625,0.2637561081609913,0.27792443850000004,1.3256661124999998
33,150,0.87,pre_score_z,0.3352830442578362,0.11154459749895182,0.11738399000000001,0.5535761250000001
33,150,1.39,Intercept,-0.057342556502710015,0.3898794786036891,-0.843493451,0.7187284525000001
33,150,1.39,groupembodied,1.84521847886125,0.2507254917573592,1.347665315,2.3492642099999994
33,150,1.39,pre_score_z,0.3097331432538363,0.10900863205341685,0.09814450942500001,0.5287338069999998
33,200,0.15,Intercept,-0.2605436652885635,0.5873099280948693,-1.472366925,0.9084187197499997
33,200,0.15,groupembodied,-0.14459743191623742,0.22725789693730344,-0.60722451775,0.2960041784999995
33,200,0.15,pre_score_z,0.20123820858176447,0.0927284614714276,0.022498848150000018,0.38600421075
33,200,0.4,Intercept,0.09811631172881939,0.4516415915566586,-0.81290663425,0.98173236275
33,200,0.4,groupembodied,0.37589258498862377,0.2312045606145305,-0.08965306469999998,0.8221685199999997
33,200,0.4,pre_score_z,0.21608800969970673,0.09241921145608199,0.03515370072500001,0.4000569065
33,200,0.87,Intercept,0.45449239974114886,0.40591395077916353,-0.36895306674999995,1.2508869999999994
33,200,0.87,groupembodied,0.8777931989724325,0.2826866237811708,0.292660001,1.4435156774999993
33,200,0.87,pre_score_z,0.373481778797375,0.086757940566039,0.2065641765,0.5468818292499998
33,200,1.39,Intercept,0.8902569319887125,0.27032264240844206,0.35459417750000005,1.4106447075
33,200,1.39,groupembodied,1.2469041363875,0.2405879539445426,0.7770008300000001,1.726507035
33,200,1.39,pre_score_z,0.490463087958,0.12423755423415121,0.24970303875,0.7368401924999998
34,100,0.15,Intercept,-0.79902008738605,0.41237580624371517,-1.6064725149999999,0.01025495779999997
34,100,0.15,groupembodied,0.28568775555048,0.283479087856416,-0.29013956775000005,0.8323757645
34,100,0.15,pre_score_z,0.4529496406975,0.13747339598018693,0.18634534875,0.7237583927499999
34,100,0.4,Intercept,-0.44552424502094623,0.4745361646931544,-1.4020447075,0.5235696459999998
34,100,0.4,groupembodied,0.1639952787941805,0.2722197312690529,-0.379546231,0.68972159075
34,100,0.4,pre_score_z,0.324747834118035,0.13189089985678146,0.07296473372500001,0.5867702235
34,100,0.87,Intercept,0.3253067051434861,0.3604066927796966,-0.37590790075,1.0450057074999997
34,100,0.87,groupembodied,0.3986184684098825,0.2964091057545006,-0.17255615549999997,0.9914861902499997
34,100,0.87,pre_score_z,0.34675783728826265,0.13712627179968323,0.0815032954,0.6200059894999996
34,100,1.39,Intercept,0.1321600340912694,0.4555045904803663,-0.7856392442499999,1.0194194024999994
34,100,1.39,groupembodied,1.49824568568125,0.3068017136854454,0.88595064025,2.1098591724999998
34,100,1.39,pre_score_z,0.2277140976500215,0.16244264657988325,-0.08466710609999999,0.5523591712499998
34,150,0.15,Intercept,0.12800332367750003,0.6023613299578544,-1.1045456325,1.290492645
34,150,0.15,groupembodied,0.09344767646895963,0.24004989813529773,-0.38125534849999987,0.5638176524999998
34,150,0.15,pre_score_z,0.3105259201038976,0.12600492506307773,0.070831352675,0.56228568075
34,150,0.4,Intercept,0.29410440601148213,0.3918967778628973,-0.49314283399999986,1.0839340624999996
34,150,0.4,groupembodied,0.099331264928158,0.22847582712541026,-0.34876890699999996,0.5426603404999997
34,150,0.4,pre_score_z,0.4195117479226625,0.10613490682457001,0.20945383225000003,0.6290119279999998
34,150,0.87,Intercept,-0.469816482812029,0.4713260485592144,-1.395740155,0.4916647852499998
34,150,0.87,groupembodied,0.8888606295356251,0.2187762256040528,0.463910964,1.326851345
34,150,0.87,pre_score_z,0.29437119534627987,0.10795850640366066,0.08330295575000003,0.511610733
34,150,1.39,Intercept,-0.46777108677392,0.415659878778289,-1.3166390925,0.35867357349999995
34,150,1.39,groupembodied,1.56786389237375,0.2258339819481822,1.1315647925,2.0125691675
34,150,1.39,pre_score_z,0.482688825088375,0.11809824116725551,0.26075455925,0.7190876282499998
34,200,0.15,Intercept,0.03985018566222762,0.33970217732875424,-0.6427281397500001,0.7080963074999996
34,200,0.15,groupembodied,0.25080232121595,0.2007969342168491,-0.13523034850000001,0.6512724789999998
34,200,0.15,pre_score_z,0.23726338643449543,0.09349899140382026,0.05756039190000001,0.42279812925
34,200,0.4,Intercept,0.036475110706227394,0.4418293528067275,-0.85258719075,0.9033992532499971
34,200,0.4,groupembodied,0.506453969286125,0.20129977092647688,0.101426177,0.907553662
34,200,0.4,pre_score_z,0.382026577733375,0.09551972400763566,0.19645641075,0.5680459289999996
34,200,0.87,Intercept,0.3103729838275054,0.49726636723864776,-0.701108383,1.2966153749999982
34,200,0.87,groupembodied,0.6199007308922375,0.24158112949893487,0.1323400875,1.1002918775
34,200,0.87,pre_score_z,0.30740530717045,0.08985821670384864,0.13100559725,0.48299190174999995
34,200,1.39,Intercept,-0.5175084784168424,0.5702936193756132,-1.6757343224999999,0.6189033424999991
34,200,1.39,groupembodied,1.041876844250875,0.2253188289079809,0.60206320825,1.475619025
34,200,1.39,pre_score_z,0.26861038136454124,0.09528755156022542,0.084219838125,0.454769638
35,100,0.15,Intercept,-0.005308845390787382,0.4635643624702416,-0.9212814432499999,0.9204735807499974
35,100,0.15,groupembodied,0.049772783418816934,0.23841254722351266,-0.41324047625,0.5184813329999999
35,100,0.15,pre_score_z,0.30399455221855376,0.11382552385388837,0.08620587070000002,0.5346271494999998
35,100,0.4,Intercept,-0.6448037728463788,0.34504571434151793,-1.3372626025,0.03741236522499992
35,100,0.4,groupembodied,0.37341206823745837,0.27809029448360084,-0.17550951224999997,0.9272948774999998
35,100,0.4,pre_score_z,0.35107590612121625,0.12532359944176352,0.10849373525,0.6049806115
35,100,0.87,Intercept,0.5813506173412188,0.6554862488360317,-0.7476978432499999,1.8931384599999994
35,100,0.87,groupembodied,0.913846599266425,0.2959820019272017,0.34959567900000005,1.5041891999999997
35,100,0.87,pre_score_z,0.3240257714673569,0.14018219254541603,0.054414667375000024,0.6060001787499997
35,100,1.39,Intercept,-1.06651151663655,0.4506063597548332,-1.9286784625,-0.14970023425000012
35,100,1.39,groupembodied,1.59598574061875,0.3246084474747155,0.9331988990000001,2.2260822425
35,100,1.39,pre_score_z,0.4072377271461251,0.1452580103200772,0.12602123925000003,0.69538995175
35,150,0.15,Intercept,-0.31068356058304875,0.4940868263363075,-1.2870285125,0.65559114675
35,150,0.15,groupembodied,0.3854384570785465,0.23230529304222883,-0.07403435304999996,0.8433653079999998
35,150,0.15,pre_score_z,0.3621937947975,0.10384854720307428,0.16078654050000002,0.5718760364999999
35,150,0.4,Intercept,-0.33263235595914875,0.5772726038913683,-1.5001261925,0.7975092622499984
35,150,0.4,groupembodied,-0.005162406317118737,0.2954938631464453,-0.57256159425,0.6061194409999999
35,150,0.4,pre_score_z,0.0908866134467005,0.12211243641505466,-0.146958814,0.33302808549999996
35,150,0.87,Intercept,-0.24841880826616622,0.5350315461211208,-1.3286534374999999,0.7798055712499998
35,150,0.87,groupembodied,0.5051589006824128,0.3323152846509832,-0.16104438874999996,1.1441875624999993
35,150,0.87,pre_score_z,0.15893568189645563,0.12992842393313772,-0.097756120775,0.40922018525
35,150,1.39,Intercept,0.07216460684045337,0.5308996228986052,-0.97093438075,1.146718365
35,150,1.39,groupembodied,1.25135388986375,0.2570196289332037,0.7326915855,1.7412819974999996
35,150,1.39,pre_score_z,0.3404073776719625,0.10669290452385953,0.13271394225,0.5517664322499999
35,200,0.15,Intercept,-0.09556194604599126,0.5291352985024347,-1.18215772,0.9222994709999993
35,200,0.15,groupembodied,0.2970958458170075,0.23654830221982098,-0.176534877,0.7565564447500001
35,200,0.15,pre_score_z,0.307402325524675,0.10055185445494957,0.10563863350000001,0.5020221574999999
35,200,0.4,Intercept,0.286258534397422,0.5809775205101082,-0.8928249142499999,1.4462810225
35,200,0.4,groupembodied,-0.045358242526165625,0.20372563886782555,-0.44848222975,0.35975985749999995
35,200,0.4,pre_score_z,0.33736305039964376,0.08798849726334351,0.165141114,0.5092098672499998
35,200,0.87,Intercept,0.21039846196141224,0.3932675725868479,-0.58408262775,0.9992821905
35,200,0.87,groupembodied,0.8302083791724499,0.24491957495772626,0.3464130775,1.31319394
35,200,0.87,pre_score_z,0.24571910675896624,0.09483396173250944,0.06135019585,0.434871342
35,200,1.39,Intercept,-0.09484440177425986,0.5657310700049621,-1.2668212799999998,0.9972003497499997
35,200,1.39,groupembodied,1.41523318299,0.23118997382744544,0.9614459855000002,1.8702546924999999
35,200,1.39,pre_score_z,0.4089569218490625,0.11095918064584696,0.19138648325000002,0.6247873957499999
36,100,0.15,Intercept,-0.076897402960402,0.6265836984692639,-1.31679049,1.1752871875
36,100,0.15,groupembodied,0.27817574162117364,0.30802858175009895,-0.32396436725,0.890644052
36,100,0.15,pre_score_z,0.50581595332695,0.14504848096569545,0.225639866,0.7980255749999997
36,100,0.4,Intercept,-0.7822826987216668,0.5169129794619304,-1.8033979175,0.2406213704999999
36,100,0.4,groupembodied,0.5270314063109258,0.2691880208131426,0.0060012650275000105,1.0699662424999996
36,100,0.4,pre_score_z,0.49319228371675,0.12519528042023334,0.254526701,0.7462704955
36,100,0.87,Intercept,0.009543504195333742,0.27184758849302815,-0.52207411675,0.5670702197499999
36,100,0.87,groupembodied,0.658910854637885,0.29952255673762285,0.054306537825000015,1.23820289
36,100,0.87,pre_score_z,0.2746840741996875,0.09369501244683143,0.088875422625,0.4622174167499999
36,100,1.39,Intercept,-0.12299754158653076,0.4167615627209372,-0.97089159525,0.6810471849999996
36,100,1.39,groupembodied,1.08432087363725,0.27417279887236756,0.53323501575,1.6171968749999992
36,100,1.39,pre_score_z,0.4192417917542375,0.11583850799132134,0.19525871975000003,0.6507869677499999
36,150,0.15,Intercept,0.38485730715386723,0.40512623938366416,-0.41628882575,1.210080285
36,150,0.15,groupembodied,0.20858733113031688,0.22500876731616917,-0.22735117324999998,0.6550636722499996
36,150,0.15,pre_score_z,0.40418489202675,0.10469994381780111,0.1975024135,0.61129859575
36,150,0.4,Intercept,0.1520076813670474,0.5919080882244818,-0.9909265212499999,1.3510762175
36,150,0.4,groupembodied,0.241033697224875,0.22391507224164983,-0.200326589,0.6815145095
36,150,0.4,pre_score_z,0.06135477964818667,0.11679743665909123,-0.16860211849999998,0.2915100194999998
36,150,0.87,Intercept,0.19695325069026132,0.6435450528175257,-1.0715254,1.5010775149999993
36,150,0.87,groupembodied,0.689208496344275,0.27697182556469957,0.157271771,1.2275232299999996
36,150,0.87,pre_score_z,0.1900381185369695,0.1501866547334787,-0.10158200374999997,0.4833571834999998
36,150,1.39,Intercept,-0.37137507996523,0.6513338935945625,-1.7180546375,0.8930324892499995
36,150,1.39,groupembodied,1.13412184134,0.23377950112169693,0.6770219057500001,1.6047478599999998
36,150,1.39,pre_score_z,0.18279365770360004,0.11403864310249533,-0.041040760625,0.41017656874999997
36,200,0.15,Intercept,-0.10787628500907599,0.5616783870007069,-1.224399605,1.0525156849999993
36,200,0.15,groupembodied,0.23212619910802174,0.22505559675046297,-0.21175890924999996,0.6754049670000001
36,200,0.15,pre_score_z,0.5486631004,0.10700313559798086,0.3429986585,0.758965033
36,200,0.4,Intercept,-0.19945927031697125,0.4541378572964864,-1.111810515,0.6969937624999997
36,200,0.4,groupembodied,0.5045603518594025,0.19600580043185495,0.10589804575,0.88447225625
36,200,0.4,pre_score_z,0.26313556188973874,0.09366984228525799,0.08283664765000001,0.4484856742499999
36,200,0.87,Intercept,-0.31621863250482124,0.519616194621574,-1.3306818,0.7153559539999997
36,200,0.87,groupembodied,0.8306602545954875,0.25245589623092035,0.32980953125,1.3217273824999998
36,200,0.87,pre_score_z,0.3618635930777625,0.09506901542184948,0.1746503455,0.54891946625
36,200,1.39,Intercept,0.7486185754191135,0.7608974755845211,-0.843078876,2.1742840274999997
36,200,1.39,groupembodied,1.23915779384325,0.2361869019426648,0.7642123555,1.6973374449999998
36,200,1.39,pre_score_z,0.27805396579355,0.09510381047662048,0.09382735565,0.46784673375
37,100,0.15,Intercept,-0.2116266075855831,0.43688523824702075,-1.1122962775,0.628092923749998
37,100,0.15,groupembodied,0.31107898823714636,0.33169889385994566,-0.3649433795,0.9456463569999997
37,100,0.15,pre_score_z,0.4949980508035,0.17068970432893735,0.16743586800000002,0.8294220312499999
37,100,0.4,Intercept,-0.28334189816167665,0.47431441411534714,-1.2302223325,0.6342445034999997
37,100,0.4,groupembodied,0.1957691850415435,0.28192272854876793,-0.3616566235,0.7408698694999999
37,100,0.4,pre_score_z,0.3803378286986625,0.11594768692793683,0.15585891775,0.61063408825
37,100,0.87,Intercept,0.016148821942607715,0.5214554400593115,-1.0325932225,1.0320601099999995
37,100,0.87,groupembodied,0.894784929959025,0.28825288184626885,0.32583980675000007,1.4576052325
37,100,0.87,pre_score_z,0.1886854185163875,0.1315338912522216,-0.069090052775,0.44311614625
37,100,1.39,Intercept,0.2017227789834903,0.597848272639493,-0.9703334785000001,1.4074000774999993
37,100,1.39,groupembodied,1.00840827660025,0.3330260256422967,0.361877657,1.6670918225
37,100,1.39,pre_score_z,0.16082905093142763,0.16973718916189426,-0.16946617349999998,0.5007315864999998
37,150,0.15,Intercept,0.2996896171456915,0.4411986520079982,-0.583431654,1.169422437499999
37,150,0.15,groupembodied,-0.23824452485911699,0.25431972468857217,-0.741209034,0.27373563125
37,150,0.15,pre_score_z,0.25907655211430974,0.1252824177868548,0.01536532592500001,0.5032818964999999
37,150,0.4,Intercept,0.21810469796894,0.557359950836162,-0.90390600775,1.3435901799999999
37,150,0.4,groupembodied,0.08929422849874187,0.21813138022786444,-0.3392071185,0.5196294757499995
37,150,0.4,pre_score_z,0.3520147735862388,0.12346324336690169,0.111875707,0.5978908142499999
37,150,0.87,Intercept,-0.12209882596013252,0.4072529591009066,-0.9377764239999999,0.6737993742499996
37,150,0.87,groupembodied,0.9793022043395,0.24582468615782244,0.49068806300000006,1.4579587925
37,150,0.87,pre_score_z,0.28335599815486,0.12766002674388865,0.032295000000000004,0.5344942332499998
37,150,1.39,Intercept,-0.23575824683582627,0.6044615528221301,-1.4814367225,0.9295516212499998
37,150,1.39,groupembodied,1.465647514226,0.29506159384082914,0.8750626850000001,2.0375101074999997
37,150,1.39,pre_score_z,0.21902957051758626,0.1310355434333046,-0.028613349474999997,0.4808274872499999
37,200,0.15,Intercept,-0.23260591265290775,0.3539721903647298,-0.9641413377500001,0.45226230674999995
37,200,0.15,groupembodied,0.173388056924853,0.2299883192808959,-0.275464341,0.6242065047499994
37,200,0.15,pre_score_z,0.37628698765518,0.10060970876980085,0.17935113225000002,0.571110525
37,200,0.4,Intercept,0.39740522421332247,0.443774003409372,-0.49216744575,1.2906552599999987
37,200,0.4,groupembodied,0.41060732012788015,0.2370807070806992,-0.048955334725,0.87974532675
37,200,0.4,pre_score_z,0.2805421817968125,0.09660845307058034,0.092268464425,0.4704446184999999
37,200,0.87,Intercept,-0.6138189474681462,0.27749862322240515,-1.16207366,-0.06651346592500006
37,200,0.87,groupembodied,0.832253423908125,0.18476468899728293,0.47143019374999995,1.1947177574999999
37,200,0.87,pre_score_z,0.287629585908335,0.08526330202841907,0.11963832625,0.45862892725
37,200,1.39,Intercept,-0.2109368642160659,0.6511939223650409,-1.5189826874999999,1.0735281724999999
37,200,1.39,groupembodied,1.42883094648675,0.2480362341570045,0.9272681752499999,1.9114696224999994
37,200,1.39,pre_score_z,0.3133023735586475,0.08962904940762251,0.140976487,0.49071992099999995
38,100,0.15,Intercept,-0.3620679691505712,0.5377657689188666,-1.39908586,0.7123560614999994
38,100,0.15,groupembodied,0.4490507505167284,0.2818747557150485,-0.10227585624999999,1.0071200649999998
38,100,0.15,pre_score_z,0.2979526393384637,0.13972535512557302,0.023563808175000006,0.5820020864999997
38,100,0.4,Intercept,-0.5493060389933603,0.4488161656778111,-1.4367829550000002,0.3542921002499995
38,100,0.4,groupembodied,0.752435722229075,0.337518114092211,0.08391781357500003,1.3962203074999997
38,100,0.4,pre_score_z,0.496437348306125,0.15708843035964798,0.19087875775000002,0.8086235117499996
38,100,0.87,Intercept,-1.36870064323675,0.4081223426001461,-2.1911362575,-0.5330834962500006
38,100,0.87,groupembodied,1.43628282740375,0.2897724491073201,0.8590784469999999,2.0048537274999996
38,100,0.87,pre_score_z,0.1901777876064465,0.15142294774694487,-0.10728674325,0.48832959224999994
38,100,1.39,Intercept,0.11089064176835002,0.46243164634915696,-0.8088900065,1.0134294449999999
38,100,1.39,groupembodied,1.34489577518525,0.3507596270697287,0.6184331225,2.0308873949999997
38,100,1.39,pre_score_z,0.29364209036990624,0.13585736708616067,0.02770540015000001,0.5602743742499999
38,150,0.15,Intercept,-0.3794646403530357,0.5356226816035978,-1.4246717949999999,0.69686705775
38,150,0.15,groupembodied,0.04151989859983097,0.2390195422906993,-0.41412978925000005,0.5222204027499997
38,150,0.15,pre_score_z,0.18119557251716387,0.11327771626313698,-0.04335636135,0.4036054887499999
38,150,0.4,Intercept,-1.07318023219275,0.3683114949484436,-1.7862539525,-0.34726317900000014
38,150,0.4,groupembodied,0.6827981190738338,0.2914709944162896,0.10144043475,1.2513080125
38,150,0.4,pre_score_z,0.3707712082229875,0.11633558398771346,0.14486120325000001,0.5956926764999998
38,150,0.87,Intercept,-0.8982111652161463,0.43551427832476913,-1.7737985025,-0.03411027455000144
38,150,0.87,groupembodied,1.40952796212125,0.24301949089323108,0.9155821992500001,1.8792401499999998
38,150,0.87,pre_score_z,0.413614629744125,0.11346118277212232,0.19048583475,0.63867468875
38,150,1.39,Intercept,0.439445541571905,0.478493800254719,-0.50102413575,1.4006771974999999
38,150,1.39,groupembodied,0.8118873244384375,0.2557984358619464,0.30988872650000004,1.3182553925
38,150,1.39,pre_score_z,0.2753651671982025,0.12368304400592169,0.037200545674999995,0.526177304
38,200,0.15,Intercept,-1.2861617595688999,0.5602756319942225,-2.37311234,-0.15697790600000036
38,200,0.15,groupembodied,0.34989824208737796,0.25731802050123653,-0.15084257099999998,0.8670888807499998
38,200,0.15,pre_score_z,0.15230149745976052,0.09458120068788425,-0.038747509025,0.3369976095
38,200,0.4,Intercept,-0.4100318240678685,0.25482024303139794,-0.9169677780000001,0.09239763049999986
38,200,0.4,groupembodied,0.6062083372352588,0.21246815562934981,0.18331383950000002,1.0151092974999998
38,200,0.4,pre_score_z,0.383975958479375,0.09824254797699121,0.192994931,0.5760201984999996
38,200,0.87,Intercept,0.2749136195773028,0.41927795928149114,-0.5790355725,1.0884338974999996
38,200,0.87,groupembodied,1.0306244688475,0.20806182339636234,0.6294138902499999,1.4419495174999994
38,200,0.87,pre_score_z,0.37303784277275,0.0944576374915578,0.19038889975,0.55818083575
38,200,1.39,Intercept,-0.6138854515357475,0.5176658409977871,-1.636915155,0.43445431524999994
38,200,1.39,groupembodied,1.46322188130125,0.22426666563690664,1.025195555,1.900262385
38,200,1.39,pre_score_z,0.52667587842,0.10444120204983222,0.32497759400000004,0.7383198889999999
39,100,0.15,Intercept,-0.18413625916348136,0.4670021707083887,-1.117744205,0.7395787967499996
39,100,0.15,groupembodied,0.13530942188214987,0.29624676228287505,-0.43498465900000005,0.7155413277499995
39,100,0.15,pre_score_z,0.10131275270275297,0.1491612400351073,-0.19364094399999998,0.38956232624999987
39,100,0.4,Intercept,-0.7281651935700753,0.5121166454019961,-1.7661654124999997,0.27769640949999996
39,100,0.4,groupembodied,0.42149955523532123,0.2724800456148858,-0.11868215474999999,0.9561019412499997
39,100,0.4,pre_score_z,0.19364791909469237,0.1219671207773782,-0.046768684,0.4368706554999998
39,100,0.87,Intercept,-0.3253937217934388,0.45496332526829986,-1.23063766,0.5757347117499999
39,100,0.87,groupembodied,0.959965146744725,0.31050002499991186,0.337065989,1.5619233699999997
39,100,0.87,pre_score_z,0.30015889613714875,0.12894464385820886,0.051213767275,0.55710965775
39,100,1.39,Intercept,0.6632277064863075,0.4242599795738628,-0.19740251524999997,1.512745405
39,100,1.39,groupembodied,1.172949272381375,0.31368694573848277,0.56209428725,1.8132872574999996
39,100,1.39,pre_score_z,0.418957063613725,0.1573735395927399,0.10662310225,0.7363381594999999
39,150,0.15,Intercept,-0.14583897217523126,0.45703643051688253,-1.0511337299999999,0.77960948125
39,150,0.15,groupembodied,0.03751831811875574,0.23672434825490407,-0.43150056774999995,0.5041632469999999
39,150,0.15,pre_score_z,0.24194220597530874,0.10746959354044582,0.03197829340000002,0.4553884677499999
39,150,0.4,Intercept,0.3282732873006707,0.5373745852638604,-0.7494812144999999,1.4082895574999994
39,150,0.4,groupembodied,0.424589817290858,0.2446768649157486,-0.05837787829999999,0.9085556597499999
39,150,0.4,pre_score_z,0.46332541656775,0.11639192365905607,0.233171293,0.6935288365
39,150,0.87,Intercept,-0.5050640141043113,0.6696489650384709,-1.8022688225,0.9080102382499989
39,150,0.87,groupembodied,0.6674627311086537,0.23846157742262408,0.19862950625,1.1332923
39,150,0.87,pre_score_z,0.4179694057295,0.12758203381176697,0.17014695625,0.6713116887499999
39,150,1.39,Intercept,-0.5876256185273058,0.5442451208903739,-1.63258798,0.51742596725
39,150,1.39,groupembodied,1.58836567711,0.26163411017490495,1.0817667075,2.106178345
39,150,1.39,pre_score_z,0.180627548768852,0.12573260478131515,-0.0683408809,0.4290561197499999
39,200,0.15,Intercept,-0.7427492699212588,0.2930801472561432,-1.3073039375,-0.16233785525000002
39,200,0.15,groupembodied,0.077912444289592,0.1913507133710212,-0.291285156,0.4608415377499999
39,200,0.15,pre_score_z,0.26720232052775,0.08721728623402196,0.097964616325,0.43750749874999995
39,200,0.4,Intercept,-0.16574088099440273,0.38603315527426096,-0.95537748325,0.6039116119999998
39,200,0.4,groupembodied,0.655179448895125,0.1884664844310658,0.28410329625,1.0334851674999999
39,200,0.4,pre_score_z,0.360680233800125,0.09251442758678396,0.18154586025,0.540471391
39,200,0.87,Intercept,-0.6750121656659875,0.3401403995433728,-1.335518245,0.008423545452499482
39,200,0.87,groupembodied,0.94817434523515,0.23792638327335752,0.47301122225,1.4141468325
39,200,0.87,pre_score_z,0.3056249952429588,0.10669631543694255,0.0947042844,0.5171870444999999
39,200,1.39,Intercept,-0.639947193668455,0.32619780359845024,-1.30709196,0.016803911774999947
39,200,1.39,groupembodied,1.4072496791475,0.24135016378207041,0.9216773595000001,1.8724919274999996
39,200,1.39,pre_score_z,0.2765374387095375,0.09124585854689446,0.0986006027,0.45567690199999994
40,100,0.15,Intercept,0.7762853300877287,0.27235224706911076,0.23342952725000002,1.308258315
40,100,0.15,groupembodied,-0.07754875480301954,0.3077481943459876,-0.67835666675,0.5383960709999999
40,100,0.15,pre_score_z,0.20362730456530537,0.14991511247609862,-0.093612729625,0.5020966549999998
40,100,0.4,Intercept,-0.24984211320875926,0.3472432988512591,-0.9419295072500001,0.4380041754999999
40,100,0.4,groupembodied,0.5523520907179063,0.3194055502128981,-0.074638316375,1.1760507224999994
40,100,0.4,pre_score_z,0.4518911738339625,0.14277704970159918,0.17743914724999998,0.7408283694999999
40,100,0.87,Intercept,-0.003994872062539292,0.6365836234556039,-1.2832270925,1.2511457275
40,100,0.87,groupembodied,0.89336288475313,0.34806412072666165,0.18780580475000003,1.5861478049999993
40,100,0.87,pre_score_z,0.3875191898091475,0.17493987482466555,0.047392417900000025,0.7330790892499999
40,100,1.39,Intercept,-0.13344275229354696,0.7701207716332226,-1.7080285974999998,1.3809900649999993
40,100,1.39,groupembodied,1.3186886916289624,0.3181645373118243,0.7070471779999999,1.9430188799999994
40,100,1.39,pre_score_z,0.33309645160886786,0.15207280570057724,0.031886742975000014,0.6414660895000001
40,150,0.15,Intercept,-0.39528507750152836,0.3886464380427485,-1.14554933,0.3913178667499993
40,150,0.15,groupembodied,0.2646957163518098,0.224797121364426,-0.18124976075,0.7125676064999988
40,150,0.15,pre_score_z,0.12394819969841757,0.0945898326125755,-0.05955500175,0.31081474374999996
40,150,0.4,Intercept,-0.5899839469050638,0.5451711305044209,-1.704962275,0.48598160799999973
40,150,0.4,groupembodied,0.710389687115525,0.21505371565282805,0.29319127975000003,1.1492565249999998
40,150,0.4,pre_score_z,0.423211257565,0.10245184237966141,0.2275843865,0.6312782259999999
40,150,0.87,Intercept,-0.19444418330939375,0.3678730019585346,-0.93282806625,0.5024371472499997
40,150,0.87,groupembodied,0.72729258654395,0.24593408009758094,0.24461256325000003,1.2159789775
40,150,0.87,pre_score_z,0.496096447405,0.11279997466668137,0.2839626735,0.7238270554999999
40,150,1.39,Intercept,0.029699996012816046,0.3102478172289314,-0.597971749,0.6309501365
40,150,1.39,groupembodied,1.39053654120875,0.234769268110253,0.94235266225,1.8619996524999998
40,150,1.39,pre_score_z,0.289420623755775,0.10118822190265939,0.093172931075,0.48786130649999987
40,200,0.15,Intercept,0.1936713066931927,0.4101391559215564,-0.6192407355,1.0097556074999996
40,200,0.15,groupembodied,0.33538774407038874,0.16772113222794324,-4.682796767499704e-4,0.6589746522499998
40,200,0.15,pre_score_z,0.22212060317044374,0.08058110851605066,0.06511770245000001,0.37881078924999995
40,200,0.4,Intercept,-0.24733275515723288,0.41327027437275776,-1.0913934275000001,0.5674450617499998
40,200,0.4,groupembodied,0.647624778559025,0.29023374019493475,0.05920151377500001,1.2112417275
40,200,0.4,pre_score_z,0.1776860422661371,0.10373441370168661,-0.02665029844999999,0.37809285524999964
40,200,0.87,Intercept,-0.179667944996803,0.45434121680171674,-1.0807511774999998,0.7384686469999997
40,200,0.87,groupembodied,0.6522261271606125,0.2018950495918939,0.26333363550000005,1.0510779575
40,200,0.87,pre_score_z,0.40334702748925,0.09835964323079457,0.21352415149999998,0.6014172739999999
40,200,1.39,Intercept,-0.06512350224086028,0.4811016388354645,-1.0478108099999999,0.8895844922499997
40,200,1.39,groupembodied,1.265852959035,0.21364339421923775,0.831751214,1.6741023425000001
40,200,1.39,pre_score_z,0.3876161945222825,0.0977238296437089,0.19724131050000002,0.583079887
41,100,0.15,Intercept,-0.11686044572872975,0.417846077419767,-0.9387806989999999,0.7325031797499996
41,100,0.15,groupembodied,0.153607590298793,0.2981506637555028,-0.4245809239999999,0.7352920472499999
41,100,0.15,pre_score_z,0.499168127774,0.12733429322092896,0.24570924450000003,0.7474282519999998
41,100,0.4,Intercept,0.3910957242392305,0.33697753414237874,-0.2737525175,1.0588676524999998
41,100,0.4,groupembodied,0.18127498915145024,0.27041749583433944,-0.34611837125,0.7225076455
41,100,0.4,pre_score_z,0.24337813313399376,0.1403839171826509,-0.02713774089999999,0.5210225669999999
41,100,0.87,Intercept,0.08716329448654961,0.38942197030233244,-0.70790520625,0.8492222004999999
41,100,0.87,groupembodied,0.6350153946679834,0.2870492038806708,0.068101277375,1.1982526249999985
41,100,0.87,pre_score_z,0.3920861752866625,0.14173311733507246,0.11397260825,0.6762602289999997
41,100,1.39,Intercept,-0.4132739099816089,0.5949747218430635,-1.615107655,0.8134067662499999
41,100,1.39,groupembodied,1.66808434244625,0.3386818308893338,1.0083419425000002,2.3199281774999996
41,100,1.39,pre_score_z,0.29354177662658937,0.16314641633848953,-0.023181791275,0.6151725875
41,150,0.15,Intercept,-0.0156882926401025,0.6325326578929317,-1.26234317,1.2601875099999993
41,150,0.15,groupembodied,0.06261813295398776,0.2464283271493766,-0.43567932775,0.5422596105
41,150,0.15,pre_score_z,0.20034886119751066,0.1111002827043127,-0.013589107299999998,0.414712119
41,150,0.4,Intercept,0.5777057852616186,0.4380976300866973,-0.29867207799999995,1.4342513274999993
41,150,0.4,groupembodied,0.25571790911077624,0.21951166734570712,-0.17002115925,0.6888971439999999
41,150,0.4,pre_score_z,0.2318698820551725,0.10812421498525225,0.019156419,0.44584291325000003
41,150,0.87,Intercept,-0.3207786194707169,0.39996949897310685,-1.118095035,0.46054241024999976
41,150,0.87,groupembodied,0.623402588038375,0.21170551745653166,0.1989702505,1.0328728825
41,150,0.87,pre_score_z,0.390243222420875,0.09947315666095993,0.197644689,0.5899317
41,150,1.39,Intercept,-0.058594631393168714,0.5837423881837452,-1.2426372225,1.0827702549999993
41,150,1.39,groupembodied,1.083751345375,0.23275845495000705,0.63566506725,1.5466310400000003
41,150,1.39,pre_score_z,0.17837072288994463,0.11334036598601421,-0.041396192275,0.40203786449999995
41,200,0.15,Intercept,0.107162174313695,0.4121022990942359,-0.7149093235,0.9392790692499999
41,200,0.15,groupembodied,0.08727573942724214,0.2125500084259987,-0.32711234024999997,0.4969504362499999
41,200,0.15,pre_score_z,0.307269965628475,0.09883636977333865,0.11412979150000001,0.5050828822499999
41,200,0.4,Intercept,-0.20456231376889067,0.5269905620561974,-1.2756465275,0.8502597932499999
41,200,0.4,groupembodied,0.3119534394700994,0.2370317824047083,-0.15201895049999997,0.7784415364999993
41,200,0.4,pre_score_z,0.53403382675,0.10206428206313937,0.33712686225,0.73327115625
41,200,0.87,Intercept,-0.30335826127565624,0.2652071346413371,-0.8342550464999999,0.22324815849999982
41,200,0.87,groupembodied,0.8195479712861238,0.20044303239845362,0.41945590325,1.20706073
41,200,0.87,pre_score_z,0.3099429639576125,0.09216131343575974,0.1287170595,0.492767635
41,200,1.39,Intercept,0.2020049588145454,0.44862500940014255,-0.7048737165,1.0640282699999997
41,200,1.39,groupembodied,1.056797178331625,0.23061047645496047,0.5981157322499999,1.5155706874999997
41,200,1.39,pre_score_z,0.344770686436,0.09202079321365461,0.16455561325,0.5241196204999997
42,100,0.15,Intercept,0.42908531084848806,0.47481494782618244,-0.51450354775,1.3558770924999997
42,100,0.15,groupembodied,0.04795155355831474,0.3115537919454553,-0.5647831655,0.6633569535
42,100,0.15,pre_score_z,0.38269431898046974,0.14361436046862341,0.10281515800000002,0.6633747837499994
42,100,0.4,Intercept,0.02397749276345566,0.559782664742867,-1.0825721249999998,1.1133279999999997
42,100,0.4,groupembodied,0.24269868384232512,0.3416164846889331,-0.43432381475,0.9125240582499998
42,100,0.4,pre_score_z,0.17561080051803,0.14131692513921396,-0.09792726677500001,0.45432733574999995
42,100,0.87,Intercept,0.11153518481124212,0.49222690064998686,-0.859739267,1.0798482174999986
42,100,0.87,groupembodied,0.8216749538261875,0.2829916206643681,0.28322722025,1.3793874124999992
42,100,0.87,pre_score_z,0.4485698163295375,0.14055252909532603,0.17747020475000003,0.73127870825
42,100,1.39,Intercept,-0.10210090174430679,0.45499098553008577,-1.011961235,0.7890780069999997
42,100,1.39,groupembodied,1.08638479654275,0.2987607750660354,0.493003371,1.6773032499999998
42,100,1.39,pre_score_z,0.3522647817211996,0.1460729097407053,0.076248289375,0.6476281094999998
42,150,0.15,Intercept,-0.0036372229869080334,0.43356142794219193,-0.859747279,0.83937167225
42,150,0.15,groupembodied,0.09508903881507277,0.2389996542986626,-0.385900286,0.5603696907499995
42,150,0.15,pre_score_z,0.22097878503190374,0.10205947955981454,0.021585064175,0.42446943624999983
42,150,0.4,Intercept,0.48337984122578126,0.3388551588127469,-0.20360109725,1.1641828649999986
42,150,0.4,groupembodied,0.57691238537593,0.23428504392266425,0.11380826525000003,1.0353671374999998
42,150,0.4,pre_score_z,0.27228847958730124,0.12016361000770408,0.03951291305,0.5081167309999998
42,150,0.87,Intercept,0.05502281073847114,0.563145927678127,-1.0895718225,1.1767885474999988
42,150,0.87,groupembodied,0.832545397109,0.2465401565467884,0.35597489925,1.3197184049999997
42,150,0.87,pre_score_z,0.18811163491673524,0.12825107945390798,-0.05557125577499999,0.44566103949999997
42,150,1.39,Intercept,-0.3550865851091934,0.35683501642862914,-1.0662092099999998,0.35634626675
42,150,1.39,groupembodied,1.15401109672625,0.25849970893559604,0.636465882,1.6643520749999994
42,150,1.39,pre_score_z,0.20621631333922,0.09740148440274267,0.016311250125000003,0.3996722195
42,200,0.15,Intercept,-0.5735161800444862,0.5026463047419132,-1.5611459300000001,0.44210558324999993
42,200,0.15,groupembodied,0.05437489457638662,0.18294058097532453,-0.3013274075,0.41384645324999997
42,200,0.15,pre_score_z,0.369272546104875,0.08203308345604057,0.2114153825,0.5328649099999999
42,200,0.4,Intercept,-0.2548064822627337,0.29287801919870654,-0.8377475005,0.31768812849999994
42,200,0.4,groupembodied,0.607004350065625,0.22152814927281994,0.1744225305,1.047129005
42,200,0.4,pre_score_z,0.32566454032972497,0.10936726071586687,0.1111037005,0.53951745325
42,200,0.87,Intercept,-0.35505933638929205,0.5617592522953901,-1.4895172825,0.7546379072499997
42,200,0.87,groupembodied,1.17061154477375,0.21460680860701595,0.74570411275,1.5978217149999998
42,200,0.87,pre_score_z,0.16212744295783624,0.10217168486022635,-0.03491919295,0.3635949005
42,200,1.39,Intercept,-0.17339318454083338,0.5460696077639384,-1.2583106874999999,0.9327538017499999
42,200,1.39,groupembodied,1.42849041434125,0.21621636079873505,1.0058683475,1.8541050774999999
42,200,1.39,pre_score_z,0.1655325417180306,0.10333601219198185,-0.034653783300000005,0.371395687
43,100,0.15,Intercept,-0.4303464198881326,0.4539347209766942,-1.3131721325,0.48476822724999996
43,100,0.15,groupembodied,0.4630239984892553,0.3265176910365013,-0.19063954924999998,1.0976917975
43,100,0.15,pre_score_z,0.5654907661915,0.1595145436298827,0.262448098,0.8805490444999999
43,100,0.4,Intercept,-0.2696648334427548,0.5964360661372223,-1.489487475,0.8959507042499998
43,100,0.4,groupembodied,0.45762859635701475,0.3088612351846614,-0.15993715549999998,1.0596073249999998
43,100,0.4,pre_score_z,0.1162012782198679,0.1351495573913355,-0.1512505025,0.38162518699999987
43,100,0.87,Intercept,-0.23351364976446876,0.4807519986858686,-1.177700075,0.7126667872499993
43,100,0.87,groupembodied,0.9350635726612374,0.3417291996651797,0.26490830800000004,1.6040304549999997
43,100,0.87,pre_score_z,0.1780780268520338,0.17495164456411816,-0.16236215,0.52251168175
43,100,1.39,Intercept,-0.41568874303263753,0.5451823895513704,-1.5060569175,0.6967259199999998
43,100,1.39,groupembodied,1.075935932625095,0.3596390191672078,0.3543429572500001,1.7813730249999997
43,100,1.39,pre_score_z,0.15572766629152784,0.15460658095948532,-0.14585760874999998,0.4589848097499996
43,150,0.15,Intercept,-0.3303453602321275,0.4694490346476468,-1.29577838,0.5858236484999995
43,150,0.15,groupembodied,0.5399133181700453,0.23461794116553747,0.076137090925,0.9937056455
43,150,0.15,pre_score_z,0.32412893502711626,0.11500354068867039,0.096298094825,0.552703493
43,150,0.4,Intercept,-0.37533258559543,0.3615222667985556,-1.07738171,0.3618025887499997
43,150,0.4,groupembodied,0.5104769739727543,0.20005425203734103,0.11666453625,0.90646637775
43,150,0.4,pre_score_z,0.356321836640625,0.09653788828719456,0.16705331025,0.5471508677499999
43,150,0.87,Intercept,0.36941034037634024,0.4912154056273532,-0.6316266055,1.3223011624999992
43,150,0.87,groupembodied,0.805352665101225,0.24526055095285687,0.3432919755,1.3014403924999998
43,150,0.87,pre_score_z,0.33521753157811,0.10712032466166667,0.13155644975000003,0.5492939219999998
43,150,1.39,Intercept,-0.6300146569076943,0.6622050945529575,-1.9254518774999998,0.7164485214999996
43,150,1.39,groupembodied,1.66614038791625,0.2595697727282521,1.1502728125,2.18658021
43,150,1.39,pre_score_z,0.3478151521263375,0.13279948053386814,0.08938680025000001,0.6056015275
43,200,0.15,Intercept,0.08668215109618373,0.25810809458837797,-0.419610933,0.5976374997499997
43,200,0.15,groupembodied,0.2526571126141065,0.21285728198171108,-0.16973956249999994,0.6680996994999997
43,200,0.15,pre_score_z,0.3033007710445375,0.10350002222600753,0.10319969525000001,0.5051502137499999
43,200,0.4,Intercept,0.8168012652192224,0.5381800644742346,-0.30247204874999994,1.856019615
43,200,0.4,groupembodied,0.3717111958322625,0.21391366740293571,-0.04701614074999998,0.7824318032499998
43,200,0.4,pre_score_z,0.32523125649525,0.096918532976942,0.13874056125,0.5208906347499997
43,200,0.87,Intercept,-0.07505241685682565,0.3338955785749066,-0.7461325440000001,0.6035251704999998
43,200,0.87,groupembodied,0.99324948434375,0.19821368876146978,0.5955166425,1.3824920549999995
43,200,0.87,pre_score_z,0.330047164495375,0.08396551707376318,0.16473569075,0.49474004275
43,200,1.39,Intercept,-0.5351119626908475,0.5624223842660027,-1.6595612275000002,0.5895240305
43,200,1.39,groupembodied,1.385275662159125,0.24175247502790106,0.914519555,1.8627897174999997
43,200,1.39,pre_score_z,0.39985919113875,0.11155349255531413,0.18352127125,0.6248532775
44,100,0.15,Intercept,-0.3242523419889071,0.5707572694320829,-1.4454219925,0.8197297437499994
44,100,0.15,groupembodied,0.3303093109752575,0.3110107981822653,-0.27751186074999995,0.93751340175
44,100,0.15,pre_score_z,0.4007497348278725,0.14412441928739916,0.12355628225000001,0.6919201889999999
44,100,0.4,Intercept,-0.4587998185096509,0.3457704877984766,-1.1576184449999998,0.21491255174999993
44,100,0.4,groupembodied,0.189000256590075,0.25218222245013927,-0.29572065675,0.6831520682499999
44,100,0.4,pre_score_z,0.23232348055482313,0.12428510937914769,-0.009726009749999993,0.4737118132499999
44,100,0.87,Intercept,0.5892751935374837,0.572142507447001,-0.5467324804999999,1.7432932899999996
44,100,0.87,groupembodied,0.5412731809428124,0.36443686872392556,-0.16832545575,1.2572596699999992
44,100,0.87,pre_score_z,0.19193631054041768,0.164512202725622,-0.1262545455,0.5249020824999999
44,100,1.39,Intercept,0.4646569484467382,0.41169757347410496,-0.34154986924999997,1.2682119299999997
44,100,1.39,groupembodied,1.112419891698125,0.3036650967442935,0.52058241475,1.7182220049999994
44,100,1.39,pre_score_z,0.09917098133673125,0.13049859013863008,-0.15644749525,0.35971321399999995
44,150,0.15,Intercept,0.7930302684489634,0.5602723645316127,-0.35594159574999995,1.8948079549999999
44,150,0.15,groupembodied,0.3704322569491331,0.26474925422082335,-0.13998729875,0.9017358377499992
44,150,0.15,pre_score_z,0.35833510851608374,0.1329255427859577,0.09729684755000001,0.6177232252499998
44,150,0.4,Intercept,0.3891239570117525,0.5071415818787497,-0.60999847425,1.4108444724999998
44,150,0.4,groupembodied,0.43373691599374126,0.2650902995306475,-0.10863382699999999,0.9426716464999995
44,150,0.4,pre_score_z,0.44890041408598624,0.13167085626191546,0.19623945724999997,0.71349526025
44,150,0.87,Intercept,0.07450722760869345,0.4162948879488515,-0.7363268824999999,0.9258016374999997
44,150,0.87,groupembodied,0.8618898045435625,0.2776428557483731,0.29746098525000003,1.4140335649999998
44,150,0.87,pre_score_z,0.20593326750318375,0.1108944084457882,-0.012975991924999992,0.4245597569999998
44,150,1.39,Intercept,-0.24627804562303665,0.2878232470909895,-0.8161770625,0.32995823999999974
44,150,1.39,groupembodied,1.226198719985,0.23874016355559016,0.76157666575,1.6999191049999998
44,150,1.39,pre_score_z,0.3186948142639125,0.11065594535568571,0.103416258,0.5397865312499999
44,200,0.15,Intercept,-0.4215268879378467,0.4279525632931531,-1.2652866125,0.4628213327499989
44,200,0.15,groupembodied,-0.12903767009840236,0.19295049222107755,-0.5203296522499999,0.23902958224999968
44,200,0.15,pre_score_z,0.2884827001900587,0.09310640355165652,0.10701331625,0.47359113925
44,200,0.4,Intercept,-0.75477858638774,0.4066515430670065,-1.5496944849999998,0.04285660144999901
44,200,0.4,groupembodied,0.75931018974825,0.20669222550319333,0.3521623965,1.1590320399999998
44,200,0.4,pre_score_z,0.32032591208046374,0.10530257617167918,0.119291713,0.5303313199999997
44,200,0.87,Intercept,-0.5051033250689831,0.44469493146266803,-1.3653993475,0.38898631974999953
44,200,0.87,groupembodied,0.989128599465,0.2049741322292351,0.5826141557500001,1.39592408
44,200,0.87,pre_score_z,0.309787840424125,0.09973678794602132,0.11563322,0.5082898337499999
44,200,1.39,Intercept,0.26695266394634376,0.5580218179340977,-0.8923822892499998,1.361805
44,200,1.39,groupembodied,1.53828789707525,0.24972199808944592,1.0592839425,2.0403820574999996
44,200,1.39,pre_score_z,0.2905142714849625,0.11002800722554874,0.07327829097500001,0.5034916099999999
45,100,0.15,Intercept,-0.33944508729385875,0.5884065536779333,-1.5261508824999999,0.822662786749999
45,100,0.15,groupembodied,0.23067412530089937,0.3106591164938269,-0.381595385,0.8315056317499993
45,100,0.15,pre_score_z,0.19945927382369813,0.15987149298703723,-0.11308289875,0.5136804814999999
45,100,0.4,Intercept,-0.03632125656383738,0.4735996612852007,-0.9583801117499999,0.88357729825
45,100,0.4,groupembodied,0.31008173778277365,0.2924347896810807,-0.27033338074999996,0.8839583784999998
45,100,0.4,pre_score_z,0.1368267221305615,0.14906753572897782,-0.15434429025,0.4278819202499999
45,100,0.87,Intercept,-0.5855869533957049,0.3332779447997347,-1.2564000175,0.07243224464999984
45,100,0.87,groupembodied,0.7994066976970038,0.27786477184583924,0.25249114625,1.3498863674999992
45,100,0.87,pre_score_z,0.36441663273319125,0.13202031326802283,0.11213548275,0.6231731669999997
45,100,1.39,Intercept,-0.7405116130623137,0.3297850557375903,-1.425869915,-0.0923351622000001
45,100,1.39,groupembodied,1.4739090389035,0.2737879403236707,0.93782031575,1.998651475
45,100,1.39,pre_score_z,0.495081847693875,0.12157868511378891,0.259817038,0.7429649282499998
45,150,0.15,Intercept,-0.763651797116225,0.3523063056976676,-1.4592827475,-0.059386508750000316
45,150,0.15,groupembodied,0.22217222221001498,0.27910898454181055,-0.31356751725,0.7786659324999997
45,150,0.15,pre_score_z,0.24435623662890063,0.12223048665723507,0.0014501123325000045,0.4841711494999999
45,150,0.4,Intercept,-0.2001365246045575,0.5589275961880806,-1.3325194475,0.9154246042499999
45,150,0.4,groupembodied,0.6749339929447875,0.23305515581273795,0.21592795950000004,1.127615815
45,150,0.4,pre_score_z,0.340652469215275,0.09926799982889521,0.14582670525,0.5349218557499997
45,150,0.87,Intercept,-0.37895104887477177,0.5847312975806286,-1.5564238425,0.7758883537499994
45,150,0.87,groupembodied,1.0641273484165625,0.3042184309447545,0.44835840925000003,1.6380628074999999
45,150,0.87,pre_score_z,0.4204340252923,0.1363675704016543,0.16126693375,0.6983327027499999
45,150,1.39,Intercept,-0.3629728572335624,0.5617988165322008,-1.49690872,0.7513551835
45,150,1.39,groupembodied,1.278019157144125,0.2933127807717137,0.6961309285000001,1.853348765
45,150,1.39,pre_score_z,0.52094331930125,0.1170520040522759,0.294878726,0.758866438
45,200,0.15,Intercept,0.3984455520021169,0.3849343505606439,-0.3776399202499999,1.157620519999999
45,200,0.15,groupembodied,0.004465315825133627,0.3010786785055608,-0.58470466525,0.6001614929999998
45,200,0.15,pre_score_z,0.375787092841625,0.1045441719799301,0.17196408175,0.582115824
45,200,0.4,Intercept,-0.6723877942441925,0.5257058674012905,-1.7114897825,0.38640139974999943
45,200,0.4,groupembodied,0.5176895698987675,0.29069774825407985,-0.06842052744999999,1.097893279999999
45,200,0.4,pre_score_z,0.2164424165696375,0.09636273037391956,0.027642348700000003,0.40315437774999985
45,200,0.87,Intercept,-0.4736424024350575,0.5162596965025883,-1.5600115875,0.5412151892499988
45,200,0.87,groupembodied,1.099563115190125,0.2514364314366113,0.594156616,1.5952245624999994
45,200,0.87,pre_score_z,0.22001188488658,0.11740023474161544,-0.013377607049999993,0.44819845475
45,200,1.39,Intercept,-0.7875256646906087,0.7944973498318917,-2.3717801949999995,0.792229419
45,200,1.39,groupembodied,1.48126920806625,0.23518388168559357,1.012995545,1.9420993899999999
45,200,1.39,pre_score_z,0.2903209364309,0.09478405634829681,0.10955806700000001,0.47863113674999996
46,100,0.15,Intercept,-1.02830773102395,0.6143393256889215,-2.2117718875,0.21131881624999946
46,100,0.15,groupembodied,-0.05107775989337738,0.3018917363732539,-0.65200669575,0.5387852747499997
46,100,0.15,pre_score_z,0.25857793031245874,0.14844610345668172,-0.03590005367499999,0.548496064
46,100,0.4,Intercept,0.27305623969257375,0.4954404609272161,-0.70943947725,1.2604470324999995
46,100,0.4,groupembodied,0.231634045869105,0.3331163180478825,-0.43321827274999997,0.8750991879999994
46,100,0.4,pre_score_z,0.3341161274275025,0.14129239172806385,0.060964689300000006,0.6188765624999999
46,100,0.87,Intercept,-0.6661970360740438,0.6070080511213066,-1.9151775475000001,0.5152668934999997
46,100,0.87,groupembodied,0.94592166482075,0.2683844577469564,0.40320315925,1.4758322099999999
46,100,0.87,pre_score_z,0.3539227121102,0.12126966263203612,0.12033032475000001,0.59566115
46,100,1.39,Intercept,-0.555722746415545,0.5836851794642992,-1.73257145,0.6286244982499999
46,100,1.39,groupembodied,1.4483833711375,0.29009005439265007,0.885747238,2.0158781725
46,100,1.39,pre_score_z,0.3613625589715575,0.1306426634102478,0.1081655335,0.626488543
46,150,0.15,Intercept,0.43029523538391246,0.5646832790263846,-0.6997386969999999,1.5536561349999995
46,150,0.15,groupembodied,0.2661898626696954,0.22804507504459623,-0.17757897974999998,0.72336651675
46,150,0.15,pre_score_z,0.2794966213173869,0.11657305916676172,0.050702757125000004,0.5104222865
46,150,0.4,Intercept,-0.3012319156043196,0.41545138526493935,-1.12165328,0.5260834764999993
46,150,0.4,groupembodied,0.3477515341246438,0.22737810060788907,-0.09257422425,0.8067978314999998
46,150,0.4,pre_score_z,0.3218063842738,0.09821456368369269,0.13406959525,0.51709037725
46,150,0.87,Intercept,0.486309566301718,0.5374052217233696,-0.61043047375,1.5655213649999997
46,150,0.87,groupembodied,0.5704050380081063,0.2516555324399105,0.053561242475000014,1.054156595
46,150,0.87,pre_score_z,0.43903936851675,0.10540150983231762,0.23745996575,0.64753971625
46,150,1.39,Intercept,-0.24189497376485627,0.550984237679845,-1.3420393124999999,0.8380682525
46,150,1.39,groupembodied,1.3492912029475,0.2833142252199076,0.7839422835,1.8995192925000002
46,150,1.39,pre_score_z,0.4484113944675,0.11313058557409136,0.226107914,0.66879328
46,200,0.15,Intercept,0.023454497392793334,0.47154201410519603,-0.950135054,0.9213232872499997
46,200,0.15,groupembodied,-0.006402585245942375,0.21318338395721403,-0.4242287455,0.4213520684999998
46,200,0.15,pre_score_z,0.39476192327375,0.07991209186238273,0.23584659175,0.55129702775
46,200,0.4,Intercept,0.3479018418741575,0.6929928310066135,-1.0073419499999998,1.7198233874999984
46,200,0.4,groupembodied,0.06840505942699474,0.29008340601167226,-0.5089542482499999,0.6325254324999997
46,200,0.4,pre_score_z,0.449786839253275,0.1160102373958485,0.22602115075,0.6791075752499998
46,200,0.87,Intercept,-0.054942652057790864,0.5795323103520391,-1.2235617150000002,1.0926401374999977
46,200,0.87,groupembodied,0.7616487412148125,0.21487300874196347,0.329819608,1.1816893099999999
46,200,0.87,pre_score_z,0.32883408056707497,0.09031731789778233,0.15359497325000002,0.50446669275
46,200,1.39,Intercept,-0.491976081977795,0.5106932676743502,-1.5077395775,0.515891065999998
46,200,1.39,groupembodied,1.29439704030375,0.21881070200594555,0.86026321575,1.719872625
46,200,1.39,pre_score_z,0.1933155605968205,0.0949612800989761,0.0073610155100000026,0.38223821474999997
47,100,0.15,Intercept,0.009098999642961143,0.6191893180112564,-1.2043871775,1.2549990499999992
47,100,0.15,groupembodied,0.38830802089801875,0.34040064380580365,-0.3010429775,1.0587859924999996
47,100,0.15,pre_score_z,0.22020662787214776,0.15277096927454278,-0.07468807764999999,0.520635929
47,100,0.4,Intercept,-0.1886231197042683,0.5531180629044764,-1.29304706,0.8982707792499999
47,100,0.4,groupembodied,0.42814253669427876,0.31522411242379034,-0.182679702,1.0514963749999995
47,100,0.4,pre_score_z,0.292289238609636,0.13271608339006577,0.032945584500000014,0.55477984475
47,100,0.87,Intercept,0.04631034964402662,0.514767667363442,-0.9899932477499999,1.0480756949999999
47,100,0.87,groupembodied,0.7608806725105125,0.2873925640839757,0.19091080375,1.3214231300000001
47,100,0.87,pre_score_z,0.4106567445366063,0.14212503158019307,0.12988103025,0.6913817262499998
47,100,1.39,Intercept,0.07118757911795688,0.4848707204706653,-0.8838619777499999,1.0422131699999997
47,100,1.39,groupembodied,1.4613143441436125,0.34848969374441985,0.7421254254999999,2.132361057499999
47,100,1.39,pre_score_z,0.032214441704320126,0.1312678960904899,-0.22885430725000003,0.28728204424999987
47,150,0.15,Intercept,-0.7033285715464738,0.5788860693686393,-1.8359254625,0.4780064939999999
47,150,0.15,groupembodied,-0.2596443079097841,0.2586869172457584,-0.7719534412499999,0.23779682024999999
47,150,0.15,pre_score_z,0.4158072708072375,0.11847388079517249,0.18449237175000002,0.6527139879999999
47,150,0.4,Intercept,-0.06278804908659251,0.47412228213130103,-0.9875781412500001,0.8891904562499999
47,150,0.4,groupembodied,0.30276373689429126,0.2656386332280244,-0.22839908925,0.82564712525
47,150,0.4,pre_score_z,0.3496513540589263,0.1185126481700779,0.11563012450000001,0.5794607137499994
47,150,0.87,Intercept,-0.6164741735308737,0.5594674629498209,-1.7286476325,0.49791552749999984
47,150,0.87,groupembodied,0.8474453093914875,0.24632491530388126,0.34865979874999997,1.3224074124999996
47,150,0.87,pre_score_z,0.385624748705355,0.12237887201171074,0.13817990525,0.6279115537499996
47,150,1.39,Intercept,-0.8490075058990412,0.35316890548212293,-1.5680553824999999,-0.1549045247500004
47,150,1.39,groupembodied,1.34928714246875,0.24493060064572383,0.846741954,1.8304040899999998
47,150,1.39,pre_score_z,0.480308697685125,0.10658176781191499,0.27213443575,0.6920152239999999
47,200,0.15,Intercept,0.17780749173260377,0.28661634696246113,-0.40471194824999995,0.743606417
47,200,0.15,groupembodied,0.31886091766357977,0.304849257066265,-0.30881544899999996,0.9160843974999995
47,200,0.15,pre_score_z,0.2940503614165075,0.1020637157302399,0.09914662025,0.4960934952499999
47,200,0.4,Intercept,-0.2455497512425085,0.624622674469855,-1.46198823,1.0092868874999998
47,200,0.4,groupembodied,0.3800728932481025,0.1916457716218801,0.017387219200000005,0.7615741879999999
47,200,0.4,pre_score_z,0.20059740611908625,0.08837187307948847,0.028007473300000002,0.3774514429999999
47,200,0.87,Intercept,-0.18236787972896176,0.5148806393001897,-1.2109034975000001,0.8427750434999995
47,200,0.87,groupembodied,0.76788335048745,0.25163216483537015,0.26640138525,1.2758855449999995
47,200,0.87,pre_score_z,0.404323766036,0.0884673009921521,0.232013984,0.5844628602499999
47,200,1.39,Intercept,0.42540434800258997,0.5061931292797857,-0.6013677504999999,1.396060465
47,200,1.39,groupembodied,1.1003975991623376,0.3347167860032959,0.41207747525,1.7433567449999998
47,200,1.39,pre_score_z,0.20978144397814275,0.1077461458232655,0.0019466425750000024,0.41971969800000003
48,100,0.15,Intercept,0.07435286691008025,0.4230081395608832,-0.7866405052500001,0.9194381709999997
48,100,0.15,groupembodied,0.08911373401583499,0.3294765549758791,-0.5538694647499999,0.7405893209999991
48,100,0.15,pre_score_z,0.07137803451403538,0.13781041763433818,-0.200788864,0.3377905579999999
48,100,0.4,Intercept,0.30960953950159426,0.39583204059060645,-0.491532381,1.0881728599999996
48,100,0.4,groupembodied,0.09023272340147563,0.23928758861101138,-0.381813539,0.5587247554999999
48,100,0.4,pre_score_z,0.09480311749761425,0.12329991327824517,-0.14658549874999996,0.3324690612499999
48,100,0.87,Intercept,-1.17092758783275,0.3238666145335147,-1.8250011775,-0.5367098630000005
48,100,0.87,groupembodied,0.8357609052576375,0.2868160107948753,0.277740063,1.3950574175
48,100,0.87,pre_score_z,0.0018827708969177544,0.14187837135905818,-0.2842312745,0.2864562219999999
48,100,1.39,Intercept,0.24613037523545037,0.38375839563905645,-0.51369596575,1.00534924
48,100,1.39,groupembodied,1.144966081407875,0.2665826523545124,0.61604701025,1.6722537125
48,100,1.39,pre_score_z,0.4888079014385,0.12804055743839649,0.23651152050000002,0.7442155334999998
48,150,0.15,Intercept,-0.07905264805528375,0.4705686465158982,-0.9931585172499999,0.8543582429999991
48,150,0.15,groupembodied,0.27223823437939776,0.24995288555683615,-0.21856626924999997,0.7698480414999997
48,150,0.15,pre_score_z,0.3166720452464,0.09631593800058619,0.13295200475000002,0.50723712725
48,150,0.4,Intercept,-0.23564559102226373,0.4578610058484135,-1.1703677650000002,0.6784644314999994
48,150,0.4,groupembodied,0.5172842633072052,0.23177225271048327,0.06074831480000003,0.96900578
48,150,0.4,pre_score_z,0.3355731768340975,0.10103719030637603,0.13910015975000004,0.5330900147499996
48,150,0.87,Intercept,0.3401479090776174,0.3594647352584215,-0.39051052149999993,1.0367055699999999
48,150,0.87,groupembodied,0.6661122252886559,0.24151884253489245,0.19823237649999997,1.1636207899999997
48,150,0.87,pre_score_z,0.041129115597415014,0.10337920842825862,-0.15959164325,0.24657798999999977
48,150,1.39,Intercept,-0.2688848626306991,0.5751338695802377,-1.4165318249999999,0.87008290525
48,150,1.39,groupembodied,1.09183934855125,0.25650915184647566,0.59044565875,1.59396588
48,150,1.39,pre_score_z,0.42661953512575,0.12099152259392265,0.19483338125000002,0.6692622312499998
48,200,0.15,Intercept,-0.13307000473964717,0.43233925607434454,-0.9838869809999999,0.750677809
48,200,0.15,groupembodied,-0.19208499479261626,0.20511714812168785,-0.598187851,0.20557456749999997
48,200,0.15,pre_score_z,0.26672798579421375,0.10091662866180769,0.07326373397500001,0.46832454975
48,200,0.4,Intercept,-0.2759699612110975,0.4905952060844195,-1.2317015175,0.7512933972499991
48,200,0.4,groupembodied,0.71494019234525,0.22071723456319214,0.28458277425,1.1485277249999999
48,200,0.4,pre_score_z,0.17905374841336374,0.1096413431088133,-0.037812523825,0.38919578474999994
48,200,0.87,Intercept,-0.7151025722753025,0.44023144262007147,-1.5719233,0.16895158774999905
48,200,0.87,groupembodied,0.7897797927419412,0.21626478205536404,0.369994187,1.2142152000000002
48,200,0.87,pre_score_z,0.43468917824500003,0.09603169612857934,0.24782664375,0.625223439
48,200,1.39,Intercept,-0.5832965585874025,0.39035955080887014,-1.372531025,0.18977493774999984
48,200,1.39,groupembodied,1.14665852419875,0.2160099996829805,0.7115725514999999,1.5625040174999993
48,200,1.39,pre_score_z,0.13118673515152027,0.08238831424289611,-0.031009384499999997,0.29286776275
49,100,0.15,Intercept,-0.7329516238114829,0.4628779589564445,-1.6235063975000001,0.20779241324999947
49,100,0.15,groupembodied,-0.09767064748824812,0.3267439444609037,-0.767507743,0.5193631119999997
49,100,0.15,pre_score_z,0.13425538148118105,0.130094877838258,-0.11393968674999999,0.3917466952499998
49,100,0.4,Intercept,-0.7359385635486775,0.5639734006862818,-1.8940840774999999,0.3672243864999993
49,100,0.4,groupembodied,0.32498797742047947,0.29183764990088135,-0.2530032645,0.9080876724999997
49,100,0.4,pre_score_z,0.31649346361802627,0.14795471260231907,0.03256200595000003,0.6154878234999998
49,100,0.87,Intercept,-0.8042483282146887,0.24749089903466587,-1.2958881775,-0.3148773785000001
49,100,0.87,groupembodied,1.184178900443375,0.28532376569665047,0.6282904742500001,1.7382375949999997
49,100,0.87,pre_score_z,0.26923460334981253,0.14229865922169274,-0.009649662997499999,0.5534131677499997
49,100,1.39,Intercept,-0.5262214706603162,0.36393991554548066,-1.2503596974999998,0.21077844849999916
49,100,1.39,groupembodied,1.13599959395475,0.27656005463871786,0.5999526869999999,1.6918333899999995
49,100,1.39,pre_score_z,0.19972601238227788,0.12821279288507267,-0.05182907575,0.4473241872499999
49,150,0.15,Intercept,0.3219054664161414,0.6159872809802521,-0.9118301967500001,1.51621972
49,150,0.15,groupembodied,0.1453607666649129,0.2585423675538615,-0.36756927175,0.64895655825
49,150,0.15,pre_score_z,0.3152122062281625,0.11988638556386695,0.08565271035000001,0.55028563525
49,150,0.4,Intercept,0.18925060877863564,0.4358333624133121,-0.7011216765,1.0455227774999993
49,150,0.4,groupembodied,0.31724892742101124,0.24015899844545557,-0.146871069,0.794726507249999
49,150,0.4,pre_score_z,0.4524588266835,0.10960884543403131,0.24519474775,0.6711074514999997
49,150,0.87,Intercept,-0.4849354550191748,0.5390934329699396,-1.5812900875,0.5800831017499999
49,150,0.87,groupembodied,0.7271210651478,0.23972792435074297,0.2469736305,1.2038503824999998
49,150,0.87,pre_score_z,0.292547100419949,0.11105613178464765,0.07603956027499999,0.5127356612499999
49,150,1.39,Intercept,0.4259893585038435,0.44511427512925605,-0.48281190874999996,1.3118051449999997
49,150,1.39,groupembodied,1.252356754973,0.2683783815812495,0.6881766392499999,1.7680313225
49,150,1.39,pre_score_z,0.22377823481838,0.10407829258022555,0.02122795010000001,0.42847298599999994
49,200,0.15,Intercept,-0.7397722778202338,0.6269529802690367,-1.9834825950000001,0.5249370242499993
49,200,0.15,groupembodied,-0.11809723448725874,0.21426382062422303,-0.5283861887500001,0.3096557492499997
49,200,0.15,pre_score_z,0.39817716262075,0.09644894219020853,0.21102057900000004,0.5922550807499999
49,200,0.4,Intercept,0.0539011244635991,0.45644481422441013,-0.8663981542499999,0.9528420269999999
49,200,0.4,groupembodied,0.4091090020324926,0.21970001363394723,-0.03090130765,0.8397821757499997
49,200,0.4,pre_score_z,0.24223519590169387,0.10649049545998243,0.03310274682500001,0.4526311414999998
49,200,0.87,Intercept,-1.60500289435085,0.4666988640652296,-2.5249311924999995,-0.6711926082500012
49,200,0.87,groupembodied,0.8872976448425,0.2101145387234669,0.47628861375,1.3105353324999998
49,200,0.87,pre_score_z,0.2336253429141675,0.09397686475795351,0.050329299675,0.4175079535
49,200,1.39,Intercept,-0.3653953844414944,0.5959349495006497,-1.5523279075,0.8333363449999996
49,200,1.39,groupembodied,1.0874691812275,0.2021308581185798,0.6946478977500001,1.4977021974999998
49,200,1.39,pre_score_z,0.142339545914775,0.08199313038465145,-0.017329736725,0.3080172602499999
50,100,0.15,Intercept,-0.16416232784397647,0.4274340024386249,-1.02401342,0.6947528727499995
50,100,0.15,groupembodied,-0.22149035886886523,0.29373678948433035,-0.8249090615,0.34826959949999997
50,100,0.15,pre_score_z,0.1429256792278137,0.12013874963252882,-0.0930540697,0.38279637724999993
50,100,0.4,Intercept,-0.5652368871271906,0.41318330417218524,-1.3814225725,0.25044649699999993
50,100,0.4,groupembodied,0.636544848510275,0.230394821048805,0.18366546074999998,1.0874319975
50,100,0.4,pre_score_z,0.3673919667527875,0.11435906399735946,0.14422273675,0.59205383225
50,100,0.87,Intercept,0.1249498717918914,0.48857803272784106,-0.8420438112499999,1.0850276074999998
50,100,0.87,groupembodied,1.236872584559375,0.2835369164806581,0.6736363129999999,1.8055827949999996
50,100,0.87,pre_score_z,0.22371739055583126,0.14744091210646754,-0.07032052502500001,0.5129803389999998
50,100,1.39,Intercept,0.09101246497531187,0.4121282480907679,-0.7348496325,0.9068430664999995
50,100,1.39,groupembodied,1.17335263585,0.29940852263481055,0.5724505974999999,1.7579065525
50,100,1.39,pre_score_z,0.3310515193229738,0.13963040083024106,0.052438232325,0.6091991242499999
50,150,0.15,Intercept,-0.3417230620500274,0.5089060121113408,-1.3591986699999998,0.6528721124999998
50,150,0.15,groupembodied,0.3093910139253425,0.2397073683987763,-0.16310662350000002,0.7858896797499997
50,150,0.15,pre_score_z,0.29816682133983374,0.10205129659048481,0.10101002025,0.5008894272499997
50,150,0.4,Intercept,-0.1495737323329786,0.584923952683754,-1.293576915,0.9930538394999996
50,150,0.4,groupembodied,0.30959755591736626,0.26336293500098973,-0.221839666,0.8202531344999998
50,150,0.4,pre_score_z,0.449863699987875,0.12771661207724475,0.2032330465,0.7062548252499998
50,150,0.87,Intercept,0.12185497244399746,0.6270665377423154,-1.150250425,1.3134711574999995
50,150,0.87,groupembodied,0.911619482784225,0.30078522589014006,0.3128750045,1.497647155
50,150,0.87,pre_score_z,0.3463852307692375,0.12027717372917429,0.1133591045,0.5838942252499996
50,150,1.39,Intercept,0.19144164194134877,0.3061025066868796,-0.422283405,0.8040533977499988
50,150,1.39,groupembodied,1.33750019521,0.21121756218670606,0.91377158325,1.7549964399999998
50,150,1.39,pre_score_z,0.3486099752905,0.09981972960223645,0.152355892,0.54491591825
50,200,0.15,Intercept,0.17615566684846573,0.6032446427011801,-1.0150611999999999,1.3790718974999996
50,200,0.15,groupembodied,0.07235106613016937,0.2068927480728816,-0.3395961715,0.46499418349999994
50,200,0.15,pre_score_z,0.355636534211825,0.09632207903485675,0.16776501424999998,0.5464163767499999
50,200,0.4,Intercept,-1.0086883841136525,0.4461034954343827,-1.8977291025,-0.08911518267500011
50,200,0.4,groupembodied,0.2982163361631104,0.26492914760505226,-0.22048993375,0.8355960632499997
50,200,0.4,pre_score_z,0.516928376128,0.11292787453879062,0.29904341725,0.74416360975
50,200,0.87,Intercept,-0.6281630213529937,0.5376112610010108,-1.6530390625,0.46469757449999893
50,200,0.87,groupembodied,0.7434211497717125,0.23533326250302095,0.27132827374999996,1.1974480075
50,200,0.87,pre_score_z,0.40871102947125,0.09819971097158037,0.2179922635,0.6013111667499998
50,200,1.39,Intercept,-0.2345412017567575,0.7621471693197531,-1.75071414,1.2676892874999983
50,200,1.39,groupembodied,1.802726131295,0.2801788807586137,1.2355903200000002,2.344303395
50,200,1.39,pre_score_z,0.16418416853414325,0.11347979326279482,-0.055901244824999995,0.3903821925
51,100,0.15,Intercept,0.15457233611749713,0.42012558109805875,-0.6691885125,0.9817082229999999
51,100,0.15,groupembodied,0.03930220726073688,0.31755862574223975,-0.5899023385,0.655418438999999
51,100,0.15,pre_score_z,0.3301557068107835,0.14211619073266493,0.05999589607500001,0.6211171747499998
51,100,0.4,Intercept,-0.12267586079605498,0.4647636499030941,-1.0479979375000001,0.7891793879999999
51,100,0.4,groupembodied,0.24976030260505636,0.30394511821936265,-0.3419008695,0.8519670949999993
51,100,0.4,pre_score_z,0.45445962621717373,0.1525039948529776,0.15050336300000003,0.75451981325
51,100,0.87,Intercept,0.04210682303815,0.4444691512742233,-0.8471860400000001,0.9268339222499998
51,100,0.87,groupembodied,0.7813362564530125,0.27595519000716134,0.24292201425,1.3262708549999993
51,100,0.87,pre_score_z,0.3888723370692625,0.1265865913663172,0.14410485475,0.6360062624999998
51,100,1.39,Intercept,-0.6723782761031356,0.5656378463466875,-1.7924114,0.46787733049999924
51,100,1.39,groupembodied,0.998775142814,0.2917007169501989,0.42472166025,1.591455849999999
51,100,1.39,pre_score_z,0.2403725643411617,0.13769188917801964,-0.025589226524999995,0.5162807592499999
51,150,0.15,Intercept,-0.38098642400818805,0.3824128192752422,-1.1444189624999999,0.38076016224999987
51,150,0.15,groupembodied,0.45439942439577635,0.22583834102334557,0.008376733925000006,0.89780489
51,150,0.15,pre_score_z,0.29415978077635,0.10253765999507548,0.098929168025,0.4999070567499998
51,150,0.4,Intercept,-0.13029221911793462,0.3426568599767952,-0.8319256669999999,0.5518685017499996
51,150,0.4,groupembodied,0.47316048326931875,0.2832111118968661,-0.10219936025,1.038999555
51,150,0.4,pre_score_z,0.30968082901676336,0.10285783252198896,0.11411563625,0.514167697
51,150,0.87,Intercept,-0.5949183578509726,0.5291948848969834,-1.6904111675,0.44450213374999903
51,150,0.87,groupembodied,1.225468378810875,0.24256110123808095,0.7419369417500001,1.7057878424999997
51,150,0.87,pre_score_z,0.3712793807489375,0.11814545780126029,0.13957265850000003,0.60271477725
51,150,1.39,Intercept,0.5997161770433587,0.46837991179388205,-0.33193170925000004,1.5102724575
51,150,1.39,groupembodied,1.16937168151075,0.3052014236852925,0.5739231965,1.7620741374999997
51,150,1.39,pre_score_z,0.18784152551056862,0.12041778294342932,-0.0489102044,0.4283224787499999
51,200,0.15,Intercept,-0.37935497730254675,0.310514312933772,-0.99414328325,0.24008999025
51,200,0.15,groupembodied,0.1610717108511599,0.2302172810696631,-0.29011082725,0.60738391975
51,200,0.15,pre_score_z,0.23871351039724378,0.12127379686426158,6.876733075075161e-4,0.47610860124999993
51,200,0.4,Intercept,0.06923791175517484,0.5095888225113362,-0.9743608159999999,1.0492303049999998
51,200,0.4,groupembodied,0.33686077105288376,0.19020456425737514,-0.037697199074999986,0.7092940942499999
51,200,0.4,pre_score_z,0.239876808250155,0.09747738914554827,0.0534274017,0.432850919
51,200,0.87,Intercept,0.0978141973854284,0.5918436145700403,-1.0641658475,1.2916375649999994
51,200,0.87,groupembodied,0.680598226363,0.2125207071788528,0.26723436650000004,1.1059964149999997
51,200,0.87,pre_score_z,0.2767003960389375,0.09937250388824785,0.08111266795000001,0.4695622814999999
51,200,1.39,Intercept,-0.15140558894780373,0.5664918818213265,-1.2966592,0.9331584774999998
51,200,1.39,groupembodied,1.5433097271275,0.2309853064909742,1.0993773525,1.9982542149999998
51,200,1.39,pre_score_z,0.20531285077720374,0.11030614882115339,-0.0110696239,0.42155500074999996
52,100,0.15,Intercept,0.6659519978778324,0.3709788539669045,-0.090194946975,1.4229043299999997
52,100,0.15,groupembodied,0.7754913709365188,0.26704702515686796,0.25510585025,1.29850042
52,100,0.15,pre_score_z,0.2843081420822031,0.14707645224814,0.0010002949392500045,0.5787774855
52,100,0.4,Intercept,-0.2589782687061969,0.5207416178159253,-1.312278495,0.7861921607499996
52,100,0.4,groupembodied,0.12337230089813422,0.3235784112085038,-0.5083316242500001,0.7463069539999999
52,100,0.4,pre_score_z,0.65173236873227125,0.17498731857573513,0.31469520125,0.99882018425
52,100,0.87,Intercept,0.66139796693553,0.5663154782524059,-0.48256678174999995,1.7577222349999986
52,100,0.87,groupembodied,0.5892099677646281,0.2687768911328688,0.06808055175000001,1.130644305
52,100,0.87,pre_score_z,0.23827054618612525,0.11325904366977178,0.014353395625000001,0.4607540634999998
52,100,1.39,Intercept,0.7540348562493825,0.4231159300220605,-0.08424928855,1.5961111574999993
52,100,1.39,groupembodied,1.2705732762244875,0.3517902701886964,0.564181356,1.9457435225
52,100,1.39,pre_score_z,0.49320688242814,0.17354454657436116,0.16264992475,0.84041831475
52,150,0.15,Intercept,-0.952348295335425,0.3529346614363074,-1.643602305,-0.21515956325000063
52,150,0.15,groupembodied,0.1277038676732775,0.21455333846593028,-0.29783155,0.5510238809999998
52,150,0.15,pre_score_z,0.3216142412236125,0.11140057095457111,0.11125007475000001,0.5459116762499999
52,150,0.4,Intercept,0.011607124731070843,0.5327100721557322,-1.0535820550000001,1.058680565
52,150,0.4,groupembodied,0.6194728167856874,0.24474665065804985,0.13838652925,1.1001746074999998
52,150,0.4,pre_score_z,0.4331576731075375,0.13390351189572366,0.1671346075,0.7016918342499999
52,150,0.87,Intercept,-0.11898703319131262,0.5467803342936197,-1.2329363549999999,0.972000476499999
52,150,0.87,groupembodied,1.066616005797,0.23935273820694478,0.5845867235000001,1.5348491599999998
52,150,0.87,pre_score_z,0.26803898862754627,0.10073202664128632,0.067188759425,0.46739958449999985
52,150,1.39,Intercept,-0.44082205792465096,0.4779240910491525,-1.3408441050000002,0.5223605154999997
52,150,1.39,groupembodied,1.175576979413375,0.24727820137102588,0.6909077307500001,1.6521131449999988
52,150,1.39,pre_score_z,0.23895784397693876,0.10652221451970444,0.028291080400000005,0.4507431475
52,200,0.15,Intercept,-0.7796593074670363,0.5029128488221379,-1.7752811024999997,0.24155142674999933
52,200,0.15,groupembodied,0.3954820356366076,0.19902469725141111,9.867557745000036e-4,0.7859557155
52,200,0.15,pre_score_z,0.2650109000374875,0.08138846183811624,0.10301167300000001,0.42363730375
52,200,0.4,Intercept,0.05676227840326327,0.6802711852902648,-1.3124815024999998,1.4358655974999999
52,200,0.4,groupembodied,0.2992128309578039,0.23990336542793533,-0.16232613174999994,0.7821284844999997
52,200,0.4,pre_score_z,0.3822072693095,0.08888801090277207,0.208349418,0.5579965982499999
52,200,0.87,Intercept,-0.5809505071465301,0.5205576851351797,-1.5842025124999997,0.4933614409999999
52,200,0.87,groupembodied,0.9168148152575,0.22501246974859218,0.46387968749999997,1.3534366924999999
52,200,0.87,pre_score_z,0.303450631630625,0.10175999741300046,0.10595813300000001,0.50623912525
52,200,1.39,Intercept,-0.06325955015587666,0.5048517749528948,-1.0874037300000001,0.8836137537499978
52,200,1.39,groupembodied,1.1244520539215,0.21264256976449844,0.6930545345,1.542103085
52,200,1.39,pre_score_z,0.33382618415960374,0.10265068270950474,0.13060146125,0.5356212965
53,100,0.15,Intercept,-0.9441413151118782,0.5273496912131853,-2.0042808325,0.09592017739999989
53,100,0.15,groupembodied,-0.2124998864677775,0.25913463773937895,-0.7137596227499999,0.30276575124999994
53,100,0.15,pre_score_z,0.24219648721689124,0.12265675026259276,0.006437552530000001,0.4885178472499999
53,100,0.4,Intercept,-0.2580130328182254,0.6153003285451583,-1.4743247199999998,0.9805514019999998
53,100,0.4,groupembodied,0.15796342971244887,0.30466155747895146,-0.431797339,0.7659136572499998
53,100,0.4,pre_score_z,0.41712236380267503,0.12343521291742499,0.17788713375,0.6638504582499998
53,100,0.87,Intercept,-0.38169650139892325,0.39937102245269457,-1.1606665624999999,0.40161955999999976
53,100,0.87,groupembodied,0.9526455008297375,0.2983355023756029,0.374211944,1.5427221949999996
53,100,0.87,pre_score_z,0.35783929547315,0.13572641743953068,0.0975038658,0.6348993419999999
53,100,1.39,Intercept,0.47132508503890536,0.5768735439728366,-0.6966867015,1.6146485249999996
53,100,1.39,groupembodied,1.295690908738375,0.3006492931862829,0.7008147105,1.8868580974999996
53,100,1.39,pre_score_z,0.23884787791519738,0.13310884170143633,-0.017993089425,0.5065297492499999
53,150,0.15,Intercept,-0.45402432029948,0.4096571976413234,-1.2567020625,0.36144161225000004
53,150,0.15,groupembodied,0.11623583960752137,0.21279040492153434,-0.318490308,0.5370965045
53,150,0.15,pre_score_z,0.22314113078385375,0.10086206774212948,0.021604466850000004,0.4181067609999999
53,150,0.4,Intercept,0.09440523032746923,0.4503447806315488,-0.828555187,0.95796923
53,150,0.4,groupembodied,0.24624572428458275,0.2363751652443618,-0.21664015599999997,0.7096879347499998
53,150,0.4,pre_score_z,0.39690219432175,0.10484837402585137,0.1928988955,0.6049777927499999
53,150,0.87,Intercept,-0.711897482103105,0.5171686079543596,-1.7320088725,0.3221223032499995
53,150,0.87,groupembodied,1.040234159262875,0.23389107703042591,0.5688536735,1.4937859175
53,150,0.87,pre_score_z,0.24925039439072624,0.09965709896575886,0.05536221205000001,0.4456239269999999
53,150,1.39,Intercept,-0.39323683527706627,0.4600216390696172,-1.3142944825,0.5173169489999998
53,150,1.39,groupembodied,1.293528638095125,0.24226960075236786,0.81489537425,1.7671410324999997
53,150,1.39,pre_score_z,0.364499603947075,0.10362363141069199,0.16264669599999998,0.5675758937500001
53,200,0.15,Intercept,-0.2642847296476288,0.3226786463428148,-0.8928253815,0.37488364799999924
53,200,0.15,groupembodied,0.16584223597934925,0.20163238386516916,-0.2332044015,0.56125121225
53,200,0.15,pre_score_z,0.09819028674389423,0.09055528145436198,-0.0766526904,0.274326267
53,200,0.4,Intercept,-0.8141924027253651,0.3145275308575352,-1.4473246899999999,-0.19608709200000005
53,200,0.4,groupembodied,0.38264920950730247,0.1969967744398586,0.0012784153300000097,0.7678078325000001
53,200,0.4,pre_score_z,0.21834447853098876,0.09577883212073608,0.032447223625,0.40927558549999993
53,200,0.87,Intercept,0.5190249315673556,0.4765483489752012,-0.42381541799999994,1.4848210749999995
53,200,0.87,groupembodied,0.8117449267691875,0.2139907840636676,0.3953276915,1.2365986574999999
53,200,0.87,pre_score_z,0.178692776006305,0.09661782192850864,-0.01159003749999998,0.3665273344999999
53,200,1.39,Intercept,-0.6502896820549975,0.4920521698855859,-1.6170931725,0.3548476194999999
53,200,1.39,groupembodied,1.1392499193675,0.1928877669031331,0.7532285482500001,1.51563541
53,200,1.39,pre_score_z,0.21090895805775625,0.08242832049504122,0.050634298075,0.37716304024999997
54,100,0.15,Intercept,-1.40503521249125,0.3019085246792233,-2.0070642375,-0.8202062027500001
54,100,0.15,groupembodied,0.19601546532602,0.25672632068967594,-0.316821888,0.6969537037500001
54,100,0.15,pre_score_z,0.3880133381072966,0.13806182426133265,0.12445016975000002,0.66775116825
54,100,0.4,Intercept,0.8651919371091187,0.5642468805408922,-0.31937288649999995,1.9462967424999993
54,100,0.4,groupembodied,0.27387120362233625,0.36092571920184485,-0.46031450174999994,0.9758983779999998
54,100,0.4,pre_score_z,0.25520360066494074,0.19108385561693225,-0.12057497825,0.6322292587499996
54,100,0.87,Intercept,-1.2557192262025625,0.36606920889714983,-2.0001212125000003,-0.5244500592500003
54,100,0.87,groupembodied,0.9360791906862875,0.26226478924316216,0.41383360375,1.4533184424999999
54,100,0.87,pre_score_z,0.19600917400115125,0.1253424380719576,-0.0508636658,0.4446422114999999
54,100,1.39,Intercept,0.5008984733531903,0.6244560604382918,-0.7495276849999999,1.7121202274999998
54,100,1.39,groupembodied,1.27065821034195,0.36159224897555975,0.547243334,1.9794139374999995
54,100,1.39,pre_score_z,0.5085126057203875,0.16342890776841607,0.1853025195,0.83248727775
54,150,0.15,Intercept,-0.25867356836047156,0.7509687285356249,-1.731425255,1.2272015224999995
54,150,0.15,groupembodied,0.3041065796683225,0.25699611251300636,-0.20139645124999997,0.8085482712499995
54,150,0.15,pre_score_z,0.3505283842629125,0.11922222983502799,0.11962298774999999,0.5890827369999999
54,150,0.4,Intercept,0.5308180190371338,0.4135151031700711,-0.3010369675,1.3483632799999996
54,150,0.4,groupembodied,0.4585184634058875,0.2758428034018751,-0.09233528272499997,1.0056412599999995
54,150,0.4,pre_score_z,0.37268488238164377,0.1259974679151614,0.12629207075,0.6196313394999998
54,150,0.87,Intercept,0.409868025458075,0.4974271153075051,-0.6275320474999999,1.3569287149999996
54,150,0.87,groupembodied,1.1062224124899624,0.27195931556716363,0.5763894082500001,1.6391317899999998
54,150,0.87,pre_score_z,0.280600748025715,0.12267488698562369,0.038097003100000006,0.5304036235
54,150,1.39,Intercept,-0.461524348775434,0.4482340481456039,-1.3601163475,0.4143166424999995
54,150,1.39,groupembodied,1.24401426005125,0.25680314826066336,0.73777920575,1.7520469125
54,150,1.39,pre_score_z,0.22887782575356,0.13236352453671443,-0.0253432298,0.48975073149999987
54,200,0.15,Intercept,0.1460429241583966,0.5467433192392003,-0.94535277125,1.2419234749999994
54,200,0.15,groupembodied,-0.10713558612076363,0.2565972352838262,-0.605338219,0.40190331724999984
54,200,0.15,pre_score_z,0.3078696300623361,0.09671068747941991,0.11841239225000001,0.5015687019999999
54,200,0.4,Intercept,-1.5423867841451462,0.7666259236615282,-3.01298125,-0.0016763047842507648
54,200,0.4,groupembodied,0.4912121470081737,0.2334996840877607,0.03068199042500002,0.9594178364999998
54,200,0.4,pre_score_z,0.27500420969150724,0.10526473307766761,0.06664026435,0.4789629382499999
54,200,0.87,Intercept,0.014288241451378771,0.6262283602931106,-1.246945885,1.1991508674999996
54,200,0.87,groupembodied,0.7908824611939738,0.22728410739907717,0.344992839,1.2317756524999999
54,200,0.87,pre_score_z,0.27536202327307,0.09529744658784793,0.08929533727500003,0.46189387699999995
54,200,1.39,Intercept,-0.5561002534675913,0.3400118709608912,-1.2225692424999999,0.13020842374999977
54,200,1.39,groupembodied,1.22657656724,0.19941209450416333,0.83351299275,1.6256037599999997
54,200,1.39,pre_score_z,0.21532518071471474,0.10287996073759112,0.017878351375,0.4211543464999997
55,100,0.15,Intercept,0.5056098155014888,0.4722896897422007,-0.42875695899999994,1.4510318274999991
55,100,0.15,groupembodied,-0.10419491909581549,0.2570792027020926,-0.615822659,0.40012126224999994
55,100,0.15,pre_score_z,0.2184858932506925,0.10987953540844829,0.005626932612500001,0.433581631
55,100,0.4,Intercept,-0.5653483467731393,0.6102020944968767,-1.8021188974999998,0.6451120277499999
55,100,0.4,groupembodied,0.8219848524560001,0.29799341490350884,0.23555480550000002,1.4040427224999996
55,100,0.4,pre_score_z,0.4965244257175,0.1406320442671586,0.22199653149999998,0.7697624562499997
55,100,0.87,Intercept,-0.030771492324496615,0.502887322028036,-1.0156247025,0.9756843824999962
55,100,0.87,groupembodied,0.6658772512765,0.26398302274720936,0.14922764025000004,1.1906176424999997
55,100,0.87,pre_score_z,0.2905050638762863,0.1307771495142855,0.035365239575,0.5474720042499996
55,100,1.39,Intercept,-0.17462799330875,0.5700763812075034,-1.3192752950000002,0.9697567084999988
55,100,1.39,groupembodied,1.50168885988625,0.29219048882907134,0.9312749195,2.1004995625
55,100,1.39,pre_score_z,0.281821610206542,0.14888898746417226,-0.007196231259999993,0.5753185022499996
55,150,0.15,Intercept,-0.18446954438525598,0.4481274432520893,-1.0734058874999999,0.73581511125
55,150,0.15,groupembodied,0.19195299745932798,0.2301063599540958,-0.26813601625,0.6500431207499993
55,150,0.15,pre_score_z,0.255927239448575,0.09303675222857014,0.0705913322,0.43326364575
55,150,0.4,Intercept,-0.45123602947654,0.376099262629349,-1.223149545,0.3065825507499997
55,150,0.4,groupembodied,0.31858752339784074,0.21808041939092743,-0.12542567675,0.7438048957499994
55,150,0.4,pre_score_z,0.10335452395082,0.08936479814275286,-0.06986878334999999,0.28185779724999993
55,150,0.87,Intercept,-0.746724538655485,0.5028563925174955,-1.74552611,0.2439720845
55,150,0.87,groupembodied,0.868908736740975,0.2505018393933182,0.37720409475000005,1.3673116449999996
55,150,0.87,pre_score_z,0.445550607453875,0.12050065527591194,0.2145065915,0.6876833539999999
55,150,1.39,Intercept,0.22268409157315464,0.4580939588474357,-0.7232738595,1.123166455
55,150,1.39,groupembodied,1.347711848915,0.23621224231252955,0.89364567375,1.8225239874999997
55,150,1.39,pre_score_z,0.28064723057507,0.10646911288838484,0.069933951225,0.487214222
55,200,0.15,Intercept,-0.06430251789116735,0.3656261344423195,-0.78698907575,0.64893490375
55,200,0.15,groupembodied,-0.06659806414446237,0.22744149980796916,-0.5202995229999999,0.38807728699999994
55,200,0.15,pre_score_z,0.3314115069916591,0.09760776895214364,0.14297251675,0.52059419875
55,200,0.4,Intercept,0.06835802140792747,0.5399440117197769,-1.0254731849999998,1.1251267099999998
55,200,0.4,groupembodied,0.3553042469421889,0.1941678827036681,-0.023890796549999996,0.73261034325
55,200,0.4,pre_score_z,0.2470650056411,0.09079995849186295,0.07142384037500002,0.42810410724999987
55,200,0.87,Intercept,-0.6132492592501925,0.4134880533743655,-1.442532815,0.2058056234999995
55,200,0.87,groupembodied,0.94588728127625,0.19971868273717588,0.54637712325,1.3365523474999998
55,200,0.87,pre_score_z,0.362322618317,0.09279932339034021,0.18141837875,0.5451467717499998
55,200,1.39,Intercept,0.4112505182992725,0.7048819844839366,-0.984309011,1.7850774174999997
55,200,1.39,groupembodied,1.3569747207958751,0.23692594927795715,0.8708071255,1.802140815
55,200,1.39,pre_score_z,0.23991607622339875,0.0951963887476038,0.053958501225000004,0.428386794
56,100,0.15,Intercept,0.15998236268764623,0.49938546760653835,-0.8583788025000001,1.1390471599999998
56,100,0.15,groupembodied,0.734356438403425,0.2867188045378854,0.190353722,1.3165349049999997
56,100,0.15,pre_score_z,0.149215726243983,0.13944488390506346,-0.12281575574999999,0.4201594687499999
56,100,0.4,Intercept,-0.6679164383287263,0.5661935963766919,-1.7887069199999999,0.4634799925
56,100,0.4,groupembodied,0.70936268736135,0.2583393206783132,0.17403127075,1.1984634125
56,100,0.4,pre_score_z,0.49146848831,0.11958789160078644,0.26553938275,0.7378122432499998
56,100,0.87,Intercept,-0.20481377596064126,0.4815255185962447,-1.1890170375,0.7178010347499997
56,100,0.87,groupembodied,1.099640111403625,0.2528301187624508,0.6067429555,1.58888773
56,100,0.87,pre_score_z,0.2969846487916338,0.12575737634225048,0.0566820007,0.5458592007499997
56,100,1.39,Intercept,-0.4044263138036725,0.5743439188207315,-1.5587709925,0.7483272164999999
56,100,1.39,groupembodied,0.9580618578676875,0.31789407797877994,0.33115810675000007,1.5771407024999997
56,100,1.39,pre_score_z,0.33678000682593123,0.14140049785475342,0.06113146135,0.6183162282499999
56,150,0.15,Intercept,-1.22881289024821,0.46002542674933466,-2.1260018075,-0.2941987815000003
56,150,0.15,groupembodied,0.4167819734180681,0.23053089336743188,-0.03493581507499999,0.8667859685
56,150,0.15,pre_score_z,0.52966942743875,0.11566243599588526,0.309755259,0.76016024975
56,150,0.4,Intercept,0.479777544632632,0.5154747508768344,-0.5794184649999999,1.4799737025
56,150,0.4,groupembodied,0.48115173434529523,0.24616234662584158,-0.006264410034999993,0.9629186507499999
56,150,0.4,pre_score_z,0.2907357504526914,0.11436217716150293,0.0668903481,0.518190894
56,150,0.87,Intercept,0.6387760903684675,0.3647755124040979,-0.09111498374999996,1.3600399524999998
56,150,0.87,groupembodied,0.48814946579731877,0.2502104337485757,-0.010369291399999972,0.9763607384999998
56,150,0.87,pre_score_z,0.21161725086567512,0.10851877796753746,0.0014359507100000003,0.4254269149999996
56,150,1.39,Intercept,-0.5817103981925975,0.4061858339832703,-1.4039625475000002,0.22258724299999982
56,150,1.39,groupembodied,1.1910618482425,0.23731922834926136,0.72934338025,1.6642447625
56,150,1.39,pre_score_z,0.18630346041581924,0.11614912037518571,-0.040206861375,0.416096861
56,200,0.15,Intercept,0.12382886735584625,0.5674829605422249,-1.01176687,1.2532465349999993
56,200,0.15,groupembodied,0.10124674417344688,0.22073970278733263,-0.33932754150000005,0.5416858434999999
56,200,0.15,pre_score_z,0.44644771167874997,0.09716665245711145,0.26133994475,0.640618299
56,200,0.4,Intercept,-1.352152805280725,0.4236486218341805,-2.172356585,-0.48025257925000014
56,200,0.4,groupembodied,0.347493944186695,0.20992743351372933,-0.063945162475,0.7604137429999999
56,200,0.4,pre_score_z,0.25977389902112125,0.08502979834570648,0.09052388635,0.42322895875
56,200,0.87,Intercept,-0.39030338246232876,0.43505660338333746,-1.2670001049999997,0.4763643617499982
56,200,0.87,groupembodied,0.9870848816275,0.19677776840252503,0.59246018,1.3750774425
56,200,0.87,pre_score_z,0.19174314212066298,0.0814036138032476,0.033873973700000004,0.35339908175
56,200,1.39,Intercept,-0.537772093927725,0.47692564328621223,-1.4953640074999999,0.4072147367499994
56,200,1.39,groupembodied,1.2510525579725,0.23023475329979926,0.798140346,1.7006598024999997
56,200,1.39,pre_score_z,0.278677960539215,0.10588495423158108,0.0707231931,0.4879218634999997
57,100,0.15,Intercept,-0.6580663906256562,0.48857176495894183,-1.6139916699999997,0.3128799634999987
57,100,0.15,groupembodied,0.3122693097643201,0.2986454880952619,-0.26961161399999994,0.9020454782499998
57,100,0.15,pre_score_z,0.452381798693475,0.1654652398190883,0.12519344950000003,0.783320481
57,100,0.4,Intercept,0.5768977090644193,0.5332539233627267,-0.50752951875,1.6110996874999997
57,100,0.4,groupembodied,0.28762573018175003,0.24527577826685812,-0.19803883525,0.7706950009999995
57,100,0.4,pre_score_z,0.3840256517304575,0.11643131622406601,0.15670950050000002,0.61869423525
57,100,0.87,Intercept,0.2522860959235074,0.5792156348983156,-0.9330021445,1.400394754999999
57,100,0.87,groupembodied,0.5513058452814011,0.31422015137559656,-0.05186432857499997,1.1838663775
57,100,0.87,pre_score_z,0.17290881193939325,0.14529405055579464,-0.11720670499999998,0.45706995024999986
57,100,1.39,Intercept,0.3975975058530313,0.47001347804176763,-0.51260286575,1.3143235849999997
57,100,1.39,groupembodied,1.1135495697612274,0.2901926523000435,0.55287919325,1.6933674399999998
57,100,1.39,pre_score_z,0.336741654761389,0.11483396866817434,0.11027202400000001,0.5626514802499998
57,150,0.15,Intercept,0.19475517071712586,0.6000433538819037,-1.0324150175,1.3696207099999997
57,150,0.15,groupembodied,0.38280255768625376,0.24458048434843577,-0.089550356875,0.8660850754999996
57,150,0.15,pre_score_z,0.49502462366035,0.12498624502913991,0.25441593775000004,0.74478844825
57,150,0.4,Intercept,0.06746511945551376,0.5381675163562583,-0.997206655,1.178822185
57,150,0.4,groupembodied,0.0791560896055665,0.2920271159664839,-0.5019949312499999,0.6473364109999995
57,150,0.4,pre_score_z,0.263829533640255,0.13297762284464432,0.002625842785000001,0.5212436589999998
57,150,0.87,Intercept,-0.083618784221214,0.4364437638053838,-0.964211979,0.7896927207499997
57,150,0.87,groupembodied,1.000173784036625,0.23752511659683698,0.539316169,1.4673381925
57,150,0.87,pre_score_z,0.412549700246125,0.10582286459581466,0.20698202125,0.6240985115000001
57,150,1.39,Intercept,0.05228832795643614,0.41765356224546674,-0.7980455045000001,0.8419721899999993
57,150,1.39,groupembodied,1.37873412725875,0.2706504926326703,0.83638778125,1.9170973224999999
57,150,1.39,pre_score_z,0.26377362221744877,0.10924675161342715,0.04622201472500002,0.4758625694999998
57,200,0.15,Intercept,0.6338710705656513,0.4381635711050032,-0.21691770349999995,1.5259596074999997
57,200,0.15,groupembodied,0.06312409334864888,0.21242157867697128,-0.3561913365,0.48165138399999985
57,200,0.15,pre_score_z,0.319775363478775,0.09245389073418615,0.14244189225,0.5053904629999999
57,200,0.4,Intercept,-0.44830658768203563,0.6438483152077061,-1.7182169324999998,0.8176697987499999
57,200,0.4,groupembodied,0.3988557632826225,0.2224812614597451,-0.03195557017499997,0.842859423
57,200,0.4,pre_score_z,0.12624694002464187,0.09822344356129921,-0.065879160225,0.325008162
57,200,0.87,Intercept,0.06424236296433573,0.46406203476981917,-0.8657294474999999,0.9531733357499997
57,200,0.87,groupembodied,0.805947760088125,0.2572752960141954,0.28691201775,1.3091523699999998
57,200,0.87,pre_score_z,0.119585653822163,0.10319370091396929,-0.082411994325,0.32310481799999996
57,200,1.39,Intercept,-0.6954110859054462,0.6187976027607883,-1.973684665,0.5239773489999994
57,200,1.39,groupembodied,1.72434150713125,0.2282700663918203,1.2750012775,2.1702915725
57,200,1.39,pre_score_z,0.27662658982575,0.09767372973370889,0.08412076134999999,0.4691367507499999
58,100,0.15,Intercept,0.4905519025957103,0.5358899574644201,-0.601494982,1.5618463099999997
58,100,0.15,groupembodied,0.1399868777540948,0.2588992504400966,-0.3668119855,0.6524301569999996
58,100,0.15,pre_score_z,0.3877022139662125,0.10766695871248814,0.177264052,0.6052285282500001
58,100,0.4,Intercept,-0.9980712033984375,0.3863310428515309,-1.7520987899999998,-0.22668967850000035
58,100,0.4,groupembodied,0.9154611515930625,0.31924340112277033,0.2810692415000001,1.54844586
58,100,0.4,pre_score_z,0.35771095113647877,0.14364890347583942,0.08357125737500003,0.6453822730000001
58,100,0.87,Intercept,-0.17489290678566125,0.4891192344315846,-1.1419245325,0.8021632254999996
58,100,0.87,groupembodied,0.5866903507272907,0.28934432209641936,0.012850472275000004,1.1564978674999993
58,100,0.87,pre_score_z,0.25963615147612124,0.12117383534616392,0.02319464135,0.50022304425
58,100,1.39,Intercept,0.06979512206089498,0.552382806872975,-1.0184417625,1.187166329999999
58,100,1.39,groupembodied,1.291757409733,0.34141120247739315,0.603023547,1.9512407724999994
58,100,1.39,pre_score_z,0.3045717669647921,0.16487225138031741,-0.010661958899999996,0.6296297965
58,150,0.15,Intercept,0.2898831296543384,0.4749926717023692,-0.67383119075,1.2431778425
58,150,0.15,groupembodied,-0.44115273743510247,0.227310332619081,-0.8825129815,1.1198049199996763e-4
58,150,0.15,pre_score_z,0.32702068799338374,0.1161212966312484,0.1023987315,0.56095402375
58,150,0.4,Intercept,-0.30128304990039123,0.4135253362581842,-1.133073285,0.5249186414999999
58,150,0.4,groupembodied,0.1456435575507286,0.2400583418853143,-0.32822228574999995,0.6193943209999996
58,150,0.4,pre_score_z,0.15454117146659888,0.10992134643358607,-0.05822145852499999,0.3692059507499999
58,150,0.87,Intercept,-0.3259377799920589,0.6179479242363897,-1.5731626925,0.8553950067499997
58,150,0.87,groupembodied,0.59029372984375,0.24237733123616542,0.11870428725,1.0592285124999998
58,150,0.87,pre_score_z,0.33439189195493,0.13049233981600944,0.08008849905,0.5934150035
58,150,1.39,Intercept,0.19608419786836276,0.5658775905670851,-0.9587076105000001,1.312242414999999
58,150,1.39,groupembodied,1.28780389405775,0.27677674944806985,0.7289052422500001,1.817515285
58,150,1.39,pre_score_z,0.18029759422148126,0.11859703808826962,-0.051931784825,0.4169091162499997
58,200,0.15,Intercept,0.058498494592679244,0.6120221574369772,-1.18082752,1.2846433724999986
58,200,0.15,groupembodied,0.2516138517573684,0.21675099369414128,-0.16625627249999997,0.67923270075
58,200,0.15,pre_score_z,0.3473796409881625,0.10007263933282667,0.15258377775,0.5508340679999999
58,200,0.4,Intercept,0.018858987102900005,0.4327318404858538,-0.81592061175,0.9013875554999984
58,200,0.4,groupembodied,0.22743888430338313,0.19551101640607263,-0.15109091025,0.6082392877499994
58,200,0.4,pre_score_z,0.447114570186375,0.09784707200651493,0.25730776024999996,0.6397390997499997
58,200,0.87,Intercept,-0.1948335159870585,0.48118639387123907,-1.160019135,0.7589749167499996
58,200,0.87,groupembodied,0.9674765566995125,0.21611371127685763,0.5481402262499999,1.390127975
58,200,0.87,pre_score_z,0.10194343307166537,0.10519032236290683,-0.10352784350000001,0.30521383225
58,200,1.39,Intercept,-0.75817571470066,0.5260340637985504,-1.8015241875,0.3006476994999998
58,200,1.39,groupembodied,1.36897990096375,0.2149728738603357,0.9425661095000001,1.796817485
58,200,1.39,pre_score_z,0.048616230171546246,0.10452081891258502,-0.15418362549999998,0.25430960875
59,100,0.15,Intercept,0.13438171121237824,0.5609937957957324,-1.01122945,1.2416907124999998
59,100,0.15,groupembodied,0.1499339437640937,0.274002112111256,-0.39031518075,0.6978050159999996
59,100,0.15,pre_score_z,0.30949525978798376,0.12192160461834496,0.07636516492499999,0.55371257475
59,100,0.4,Intercept,-0.3205111126097801,0.49073418739311936,-1.2765986374999998,0.6775201864999997
59,100,0.4,groupembodied,0.70255871518795,0.29043860415251005,0.1358997625,1.2718692974999988
59,100,0.4,pre_score_z,0.1720600456482455,0.12807162360091756,-0.081628685725,0.42293633075
59,100,0.87,Intercept,-0.5440367448588512,0.5590983788283145,-1.6787170675,0.5465058707499999
59,100,0.87,groupembodied,0.609873553797205,0.26890412205099495,0.08538163900000001,1.1464298749999995
59,100,0.87,pre_score_z,0.32300537660685125,0.12082791839741937,0.08618859282500001,0.5638954985
59,100,1.39,Intercept,-0.06179357752889875,0.5091207847553928,-1.1101350825,0.9499927639999999
59,100,1.39,groupembodied,1.121817830316875,0.3314250145626308,0.463969258,1.7774886199999989
59,100,1.39,pre_score_z,0.35289539009797777,0.16668025608047168,0.030668788275,0.69323648575
59,150,0.15,Intercept,-0.4945810419349975,0.4544510154858988,-1.38755046,0.3896060084999982
59,150,0.15,groupembodied,0.08150557563050376,0.272248526770492,-0.47496466974999996,0.6133078835
59,150,0.15,pre_score_z,0.2969230723587461,0.1078523507239657,0.08870337720000002,0.5112345229999998
59,150,0.4,Intercept,0.0033403631871763667,0.5347549041366018,-1.1095785825,1.029608855
59,150,0.4,groupembodied,0.268200844575891,0.2791473716535286,-0.27577644525,0.8140849894999994
59,150,0.4,pre_score_z,0.36255513328480876,0.14632902360230687,0.08013018635000001,0.6536483202499999
59,150,0.87,Intercept,0.027015199289765368,0.4177284486520747,-0.8124399407499999,0.8392137992499998
59,150,0.87,groupembodied,0.97891380448775,0.2419604271724613,0.5064649250000001,1.4551326050000002
59,150,0.87,pre_score_z,0.1598422208278785,0.11554521593775595,-0.06408270565,0.38889882949999977
59,150,1.39,Intercept,-0.03696303042500804,0.4810358093999559,-0.96849480225,0.9203140702499987
59,150,1.39,groupembodied,1.27102067874875,0.23678802140748056,0.80564707,1.7429897949999997
59,150,1.39,pre_score_z,0.33944116697675,0.1093494112316573,0.12839095,0.55838642875
59,200,0.15,Intercept,0.04290702065978563,0.466271247053572,-0.873252517,0.9682554762499999
59,200,0.15,groupembodied,0.094606652999997,0.2247525549149453,-0.33215182275,0.51931897825
59,200,0.15,pre_score_z,0.28783939041479,0.09479217644983294,0.10224031950000001,0.47315997649999997
59,200,0.4,Intercept,-0.5993418740238975,0.4840124117439142,-1.582879445,0.3605280319999997
59,200,0.4,groupembodied,0.03456029618267499,0.23670835425826708,-0.44254806475,0.5027037369999998
59,200,0.4,pre_score_z,0.23076789664391062,0.11274192960265063,0.011009944575000005,0.45573958574999984
59,200,0.87,Intercept,0.30156699712922214,0.3705523582178971,-0.43355961624999995,1.0375417574999999
59,200,0.87,groupembodied,0.7551859430473125,0.19212197139699438,0.387952183,1.1402197849999998
59,200,0.87,pre_score_z,0.35110258490824997,0.090404035123665,0.17553751174999999,0.5329094954999999
59,200,1.39,Intercept,-0.33522050750530125,0.43114653958617144,-1.224138475,0.49290662549999975
59,200,1.39,groupembodied,1.28091539263875,0.22942809688241936,0.8175406175000001,1.7219211199999997
59,200,1.39,pre_score_z,0.388237726443875,0.08103259722064729,0.23026165,0.5477699014999999
60,100,0.15,Intercept,0.5068837347783876,0.45552970279112687,-0.38984620449999996,1.432627319999998
60,100,0.15,groupembodied,-0.378964377243785,0.28345625553978293,-0.9252169295000001,0.18958920624999953
60,100,0.15,pre_score_z,0.22983327252415212,0.12797067376957233,-0.017165298599999997,0.48875262124999974
60,100,0.4,Intercept,0.675589089932245,0.28959994801676875,0.11109526575,1.2543487724999987
60,100,0.4,groupembodied,0.47320791377524124,0.34156000510465756,-0.20044812075000001,1.1504974724999997
60,100,0.4,pre_score_z,0.5400982883605,0.17806743391767804,0.19573886850000002,0.8890537399999998
60,100,0.87,Intercept,0.02146036955883989,0.4844485691885325,-0.957610634,0.9763271792499993
60,100,0.87,groupembodied,0.6551873228558125,0.273021935242792,0.10923356675000001,1.1894790400000002
60,100,0.87,pre_score_z,0.22620069935190248,0.1319981844413306,-0.028582998424999995,0.48982165124999977
60,100,1.39,Intercept,0.3773863311573875,0.38847909132028446,-0.38338458825,1.157930325
60,100,1.39,groupembodied,0.6057538197187212,0.2825105695407577,0.054950814750000014,1.1632526275
60,100,1.39,pre_score_z,0.07939991026700713,0.13560910769689202,-0.18546564575,0.3443510907499998
60,150,0.15,Intercept,-0.25438604535764003,0.46796104649626485,-1.1913932925,0.6935506109999996
60,150,0.15,groupembodied,0.3031670483228732,0.20819184929172585,-0.11048578349999999,0.71239735575
60,150,0.15,pre_score_z,0.29935764325525127,0.09211079592995074,0.12147967575000002,0.48151434149999994
60,150,0.4,Intercept,-0.32553090787961825,0.3883307711087988,-1.0957673049999999,0.43582375899999976
60,150,0.4,groupembodied,0.6196944532665375,0.2272652156814002,0.17855753025000004,1.0634728924999997
60,150,0.4,pre_score_z,0.3343811836234625,0.09902273805566851,0.14117454925000003,0.53186019975
60,150,0.87,Intercept,-0.10128232922766625,0.5348287210468711,-1.189947975,0.9425100092499995
60,150,0.87,groupembodied,0.787196683328375,0.26824132971046843,0.240550598,1.30554805
60,150,0.87,pre_score_z,0.06478127182249012,0.10679236414420744,-0.14370346575,0.2722850634999999
60,150,1.39,Intercept,-0.22330256934375,0.4599308100682168,-1.1390694874999998,0.6851949959999993
60,150,1.39,groupembodied,1.371426226608375,0.28649568654343266,0.8077824105,1.935535687499999
60,150,1.39,pre_score_z,0.398247485315375,0.10466616391115005,0.19642575375000002,0.6072728584999999
60,200,0.15,Intercept,-0.11039715963396475,0.4917239844286251,-1.0803291199999998,0.8467853774999996
60,200,0.15,groupembodied,0.10956400891787263,0.18633155867359308,-0.25921141124999997,0.4748852639999994
60,200,0.15,pre_score_z,0.372619707254,0.08985987716908657,0.19555289075,0.5513908619999999
60,200,0.4,Intercept,0.24551550785806195,0.5560209658611242,-0.84098264775,1.3507531624999987
60,200,0.4,groupembodied,0.42115692829525875,0.31595865164300735,-0.20998629124999996,1.0447486199999994
60,200,0.4,pre_score_z,0.408110827358875,0.095544640208448,0.223686222,0.6017303485
60,200,0.87,Intercept,-0.48056628401087326,0.48301033998800474,-1.4468215649999998,0.4620535024999988
60,200,0.87,groupembodied,0.5111332035522312,0.21846472994776928,0.08211872110000001,0.9383429719999999
60,200,0.87,pre_score_z,0.20469479791163636,0.10532514660233558,0.002767022830000004,0.41151802374999985
60,200,1.39,Intercept,0.6637124101724388,0.39500661753143224,-0.15542690824999997,1.4280588024999996
60,200,1.39,groupembodied,1.219231434195,0.2163652165060323,0.7908461625000001,1.644392225
60,200,1.39,pre_score_z,0.2859367866313875,0.10164160059170077,0.084488896425,0.4830110882499999
61,100,0.15,Intercept,-0.3517413642052963,0.4740611302516439,-1.3025630350000001,0.5903700772499999
61,100,0.15,groupembodied,-0.050622325572089,0.29515063900330946,-0.6283010565,0.5352639069999997
61,100,0.15,pre_score_z,0.20583434705433476,0.1284443840153134,-0.044670813299999994,0.45757327224999983
61,100,0.4,Intercept,0.04834011808895424,0.41827323156515345,-0.7746089705,0.9052311429999994
61,100,0.4,groupembodied,0.45426261694788,0.26555046194160686,-0.07223520409999999,0.9742079395
61,100,0.4,pre_score_z,0.368633275823625,0.12186398029860328,0.1339991205,0.6154019915
61,100,0.87,Intercept,0.1303384877899183,0.7742192123723253,-1.4032814525,1.6502059699999994
61,100,0.87,groupembodied,0.9610834400281925,0.3303302104653972,0.30147309349999996,1.6136214399999997
61,100,0.87,pre_score_z,0.22712745544477486,0.15780847860425606,-0.08156352247499998,0.5399428312499996
61,100,1.39,Intercept,-0.16440124279182372,0.621506817300199,-1.4322631749999999,1.0197701024999999
61,100,1.39,groupembodied,1.119791578737125,0.3592747460678778,0.429202946,1.8245668224999998
61,100,1.39,pre_score_z,0.40162204100848,0.1635041858489553,0.08557684652500001,0.7319236014999998
61,150,0.15,Intercept,-0.6859191846023612,0.4139388016084548,-1.5068042174999998,0.11101564024999834
61,150,0.15,groupembodied,0.403227290382025,0.25124387105194584,-0.098014122575,0.8804656485
61,150,0.15,pre_score_z,0.21514852252311875,0.10517828603188904,0.00934697045,0.42476451724999986
61,150,0.4,Intercept,-1.01478199771476,0.5470743642477653,-2.106851845,0.06215437577499995
61,150,0.4,groupembodied,0.11645348699382549,0.28929413742773785,-0.46287497925000004,0.6890073422499998
61,150,0.4,pre_score_z,0.3083005623601305,0.11927834896585332,0.070451374825,0.543296058
61,150,0.87,Intercept,0.41944667494064747,0.5219259912823068,-0.64886976175,1.4229117124999988
61,150,0.87,groupembodied,0.7183345988772675,0.2665503972944722,0.20949255675,1.2553014399999995
61,150,0.87,pre_score_z,0.449393985887625,0.12361743242029133,0.21421610650000003,0.69972955
61,150,1.39,Intercept,-0.08225976623234113,0.4584545805002977,-1.0135894349999999,0.8011800967499999
61,150,1.39,groupembodied,1.08899888055075,0.22081582472096364,0.6527820969999999,1.51655412
61,150,1.39,pre_score_z,0.27097532367553,0.11421987914387569,0.049989113475000006,0.50153722025
61,200,0.15,Intercept,-0.6313548393653936,0.3978183481801633,-1.4144184574999998,0.1483194142499995
61,200,0.15,groupembodied,-0.08588566476467165,0.2509487985307018,-0.5908515087499999,0.4051853882499999
61,200,0.15,pre_score_z,0.36125656089905,0.0937200258076898,0.17401438775000003,0.5477460435
61,200,0.4,Intercept,-0.761062247106486,0.39768402881182136,-1.5488550725,0.029443660799999608
61,200,0.4,groupembodied,0.326386194542162,0.22631785672360732,-0.11720433624999999,0.7660416179999997
61,200,0.4,pre_score_z,0.302116526104225,0.0911551641116436,0.12801150700000002,0.48199338775
61,200,0.87,Intercept,0.31612719392261257,0.4583498806716397,-0.6106948907499999,1.2150246399999995
61,200,0.87,groupembodied,0.858092613433375,0.18006901734685946,0.5140191975,1.2007188174999996
61,200,0.87,pre_score_z,0.35580854508925,0.08696413481220816,0.18447894575,0.531687693
61,200,1.39,Intercept,0.19550569552656014,0.433666088107503,-0.677160539,1.0237797874999999
61,200,1.39,groupembodied,1.30750210327445,0.27559107149447265,0.75080111075,1.8256689349999997
61,200,1.39,pre_score_z,0.28941525465143375,0.12181951869754797,0.05085127777500001,0.5306678329999999
62,100,0.15,Intercept,-0.7472005451051638,0.4015057815987733,-1.5489225174999999,0.04656686112499999
62,100,0.15,groupembodied,0.17778310624275198,0.2645881426483335,-0.32832900325,0.7036916744999995
62,100,0.15,pre_score_z,0.31174553667950866,0.117966587536021,0.07973186785,0.54795295075
62,100,0.4,Intercept,-0.26298472268916145,0.7459191312766071,-1.8247750025,1.2098186924999998
62,100,0.4,groupembodied,0.18398500982699112,0.3036983914445719,-0.42613216099999995,0.7800234372499999
62,100,0.4,pre_score_z,0.4143779198269337,0.13634138779485883,0.144467788,0.6777538039999997
62,100,0.87,Intercept,0.33938078974188113,0.5101733860041238,-0.715589201,1.347853757499999
62,100,0.87,groupembodied,0.4753447781668425,0.29633276423132726,-0.11511984499999998,1.0519949499999999
62,100,0.87,pre_score_z,0.4368322017469,0.12937700388988405,0.18825433775000003,0.7012963329999999
62,100,1.39,Intercept,0.1560875153572451,0.5124583609930767,-0.8870007845,1.1598908575
62,100,1.39,groupembodied,1.2532756959415,0.26901612900321986,0.730341535,1.7884275525
62,100,1.39,pre_score_z,0.4074001579756125,0.12201404905550148,0.17051401300000002,0.6525303542499998
62,150,0.15,Intercept,-0.5206184646586975,0.4333061464909824,-1.3855695275,0.3590718502499998
62,150,0.15,groupembodied,0.11488575994393438,0.2115602155331714,-0.30555648674999997,0.5242153467499995
62,150,0.15,pre_score_z,0.22556352896739001,0.09957964325195344,0.03106657015,0.41981915525
62,150,0.4,Intercept,-0.18798893121877822,0.5732960844785878,-1.3604736375,0.9362197729999999
62,150,0.4,groupembodied,-0.15662199921987052,0.26956308076224655,-0.6815236634999999,0.37379378199999996
62,150,0.4,pre_score_z,0.418591281369625,0.1220138960929372,0.1818779795,0.6580142925
62,150,0.87,Intercept,-0.5319011645974887,0.5113594079840722,-1.53793553,0.5062894804999994
62,150,0.87,groupembodied,0.961592115659625,0.25766880299502276,0.4568080465,1.4683140424999992
62,150,0.87,pre_score_z,0.29054527478349373,0.12429790491642717,0.049350372425,0.5318178772499998
62,150,1.39,Intercept,-1.0438018164716987,0.55880407720103,-2.1688303124999995,0.0899464767
62,150,1.39,groupembodied,1.55819881909625,0.23316591444397602,1.0927687825,2.01311641
62,150,1.39,pre_score_z,0.25077635089353373,0.10822875946742973,0.037241697975000015,0.46597029
62,200,0.15,Intercept,-0.1517426144592194,0.37910033133960336,-0.92042685775,0.5821027319999996
62,200,0.15,groupembodied,0.24693646509147898,0.18310688360100616,-0.12202156025,0.6067811772499998
62,200,0.15,pre_score_z,0.4363687120325,0.08921503947241081,0.2633623345,0.6118198174999999
62,200,0.4,Intercept,-0.20457146880589122,0.4663512699526071,-1.1478417525,0.7246046669999995
62,200,0.4,groupembodied,0.738642979247625,0.19944231969520768,0.34628472174999997,1.1340742375
62,200,0.4,pre_score_z,0.38161524838825,0.08775364901687349,0.20855809850000004,0.5502019225
62,200,0.87,Intercept,-0.17108322878847002,0.603423029862718,-1.4025052275,0.9836989052499998
62,200,0.87,groupembodied,1.330272931345,0.23041470109612644,0.8659366380000001,1.7805464574999998
62,200,0.87,pre_score_z,0.412429272657625,0.10016602992788774,0.21485112950000002,0.6091183184999999
62,200,1.39,Intercept,1.0478320549570366,0.6161843509608933,-0.21213721724999995,2.213884279999999
62,200,1.39,groupembodied,0.88983630542415,0.2810556737729884,0.31749005125,1.4219847925
62,200,1.39,pre_score_z,0.13798763420475613,0.10101234241447317,-0.062267176975,0.33461803925
63,100,0.15,Intercept,0.6708435682612325,0.4651312595123839,-0.252170772,1.6197926074999998
63,100,0.15,groupembodied,-0.12753773830318563,0.276705170173093,-0.67749454575,0.4228693804999999
63,100,0.15,pre_score_z,0.29015346205224,0.13962722921364387,0.0200341765,0.56790750875
63,100,0.4,Intercept,-0.12668278759000762,0.37892723601696776,-0.881695562,0.6395208814999999
63,100,0.4,groupembodied,0.36857365695376737,0.28567789206567573,-0.18951116999999998,0.9345266047499997
63,100,0.4,pre_score_z,0.4872314928534125,0.14186877628393282,0.21300180000000002,0.7623821044999998
63,100,0.87,Intercept,-0.2363937485346955,0.31756523233467626,-0.86841740525,0.4020899812499998
63,100,0.87,groupembodied,0.9915462082024875,0.28162836623240234,0.427371798,1.5492688024999997
63,100,0.87,pre_score_z,0.371190133422775,0.135097569472656,0.10870085025000001,0.6398711652499999
63,100,1.39,Intercept,-0.08313342234302275,0.5819020402893089,-1.2738738049999998,1.0366557324999992
63,100,1.39,groupembodied,1.71141760275625,0.28479149992229125,1.15638054,2.2777440375
63,100,1.39,pre_score_z,0.16678707192362438,0.12698593176804113,-0.08375109325,0.41805922924999983
63,150,0.15,Intercept,-0.03461174184882063,0.6403532072606395,-1.2868209225,1.2570406699999999
63,150,0.15,groupembodied,0.2725217010775188,0.28052286769027374,-0.2743296345,0.8295789532499991
63,150,0.15,pre_score_z,0.2745549199811523,0.14124500688661235,-0.0010072218499999983,0.54885398775
63,150,0.4,Intercept,-0.7505752995132,0.4705338344460051,-1.7079290974999999,0.18787480649999957
63,150,0.4,groupembodied,0.4665130943955437,0.274042110368718,-0.074403325575,1.0125793149999998
63,150,0.4,pre_score_z,0.31672099920543,0.11764751670289901,0.090263145025,0.5533916814999998
63,150,0.87,Intercept,0.15582666095377704,0.4351229581148757,-0.7368344815,1.0082343349999991
63,150,0.87,groupembodied,0.8902224497858212,0.21728192787896144,0.46375044824999995,1.3219983175
63,150,0.87,pre_score_z,0.274119206784639,0.10847558149781575,0.064617401425,0.48889048149999964
63,150,1.39,Intercept,0.26305512144001925,0.39784026150243884,-0.526548082,1.0542620624999992
63,150,1.39,groupembodied,1.2205032253775,0.24110276872875946,0.73760822475,1.6942076249999998
63,150,1.39,pre_score_z,0.3497519823697875,0.09883459156455968,0.157481685,0.5455737317499997
63,200,0.15,Intercept,-0.5319657756915748,0.6663923430404006,-1.8530685175000001,0.7792466594999997
63,200,0.15,groupembodied,0.3955565494270025,0.2496708800841593,-0.10455141075,0.8815905095000001
63,200,0.15,pre_score_z,0.2626762068473875,0.09776696665726735,0.0755159085,0.4529230245
63,200,0.4,Intercept,-0.6697984988069594,0.37122561385912883,-1.4108844550000001,0.0510071115499999
63,200,0.4,groupembodied,0.5819274872339325,0.23059072650537152,0.12850489550000002,1.0351431899999997
63,200,0.4,pre_score_z,0.3398584411279455,0.10189146564602165,0.14181123275,0.5417811092499999
63,200,0.87,Intercept,-0.8264243211435125,0.45665136924197486,-1.7343084225,0.0953635164749999
63,200,0.87,groupembodied,1.03901233906625,0.20348041712744774,0.64217245825,1.4383316899999998
63,200,0.87,pre_score_z,0.39508634297925,0.086999301508652,0.221416624,0.5663138819999999
63,200,1.39,Intercept,-0.77033883577287,0.5293142607039908,-1.80493369,0.2848498864999994
63,200,1.39,groupembodied,1.2957060988725,0.2077688782686925,0.8925408687499999,1.7091101625
63,200,1.39,pre_score_z,0.31009821321565,0.09802835502355317,0.12123492,0.50420577925
64,100,0.15,Intercept,-0.04446259941835125,0.5025786150419407,-1.0538906549999998,0.953413261
64,100,0.15,groupembodied,0.11206112165049338,0.3635755826539174,-0.5954695977499999,0.8413531174999995
64,100,0.15,pre_score_z,0.3435829867169525,0.1577814324209561,0.036147461425000006,0.6551393802499998
64,100,0.4,Intercept,-0.20557568426767375,0.4808781329279987,-1.1835978200000001,0.7367885745
64,100,0.4,groupembodied,0.099542725531405,0.3403462342844908,-0.5641346785,0.7559545649999991
64,100,0.4,pre_score_z,-0.0012439027879602405,0.18262133554845583,-0.359954088,0.35664252274999997
64,100,0.87,Intercept,-0.6724767402533762,0.5303164903020771,-1.7261157150000002,0.390003609999998
64,100,0.87,groupembodied,0.8841747934999212,0.3297118311829224,0.2278947115,1.5290242699999999
64,100,0.87,pre_score_z,0.549757799195975,0.16330235013736247,0.23345475575000002,0.8791000922499999
64,100,1.39,Intercept,0.40167124071239674,0.5196645647143292,-0.6347677662500001,1.43324829
64,100,1.39,groupembodied,1.6712848930025,0.3089071096894486,1.05085776,2.2666528374999997
64,100,1.39,pre_score_z,0.29256391543364874,0.1292751586805666,0.04858056945000002,0.5538874582499999
64,150,0.15,Intercept,-0.18100729525927958,0.5001855749715938,-1.1628375825,0.85201532325
64,150,0.15,groupembodied,0.274802886147558,0.23740349552494017,-0.19517426525,0.74654178875
64,150,0.15,pre_score_z,0.36824118640945,0.11045787953418082,0.15477748825,0.58859269125
64,150,0.4,Intercept,-0.30308634370075177,0.33828331450605365,-0.99020613225,0.367652626
64,150,0.4,groupembodied,0.243389397067805,0.19056045788259157,-0.13704191549999997,0.6170083667499999
64,150,0.4,pre_score_z,0.19935779149560862,0.09449279475045538,0.016647343525000004,0.383767319
64,150,0.87,Intercept,-0.028601191485017757,0.5580774989763635,-1.1478102074999998,1.0712555149999998
64,150,0.87,groupembodied,0.62681451206023,0.22440432189747125,0.17214442650000003,1.0678102399999998
64,150,0.87,pre_score_z,0.373022146785,0.09873544892276567,0.18425541224999997,0.56899364
64,150,1.39,Intercept,-0.056522677761137244,0.3962308381897986,-0.8631135659999999,0.7309601982499995
64,150,1.39,groupembodied,1.34146851701125,0.26162175332195164,0.82829295675,1.8618219199999997
64,150,1.39,pre_score_z,0.496181662073625,0.12883172310060045,0.24967975150000002,0.7514745147499999
64,200,0.15,Intercept,-0.11786591156151562,0.49828162349396904,-1.1308791625,0.8579590292499998
64,200,0.15,groupembodied,0.17455650184266625,0.22377779971879286,-0.26154283100000003,0.6187298454999999
64,200,0.15,pre_score_z,0.28418570212816374,0.1111987165863725,0.06990483995,0.50574408225
64,200,0.4,Intercept,-0.38158092544662126,0.3675859729660668,-1.0900122625,0.3889556407499997
64,200,0.4,groupembodied,0.47339113949926875,0.2050986702759334,0.071260402675,0.8729664355
64,200,0.4,pre_score_z,0.2545252036151375,0.09735614893389079,0.06721009620000001,0.447914728
64,200,0.87,Intercept,-0.5487075481612088,0.6065605402204881,-1.7446434499999999,0.6891015759999998
64,200,0.87,groupembodied,1.15891080105825,0.2040706823912001,0.7637643694999999,1.5588744824999996
64,200,0.87,pre_score_z,0.403241127084625,0.09217628755939036,0.2207565445,0.5918420274999999
64,200,1.39,Intercept,0.4562432910978594,0.5152630120401495,-0.5837397329999999,1.4740366249999997
64,200,1.39,groupembodied,1.451152522033875,0.39172150468545897,0.631744387,2.1997534825
64,200,1.39,pre_score_z,0.487211894772,0.10549174492994325,0.28465986574999996,0.6952442649999999
65,100,0.15,Intercept,-0.4734378625499725,0.5384317286558344,-1.546356895,0.5951078419999999
65,100,0.15,groupembodied,0.15991686182385126,0.28381869648515434,-0.39920946674999996,0.7224464679999998
65,100,0.15,pre_score_z,0.4277579206607375,0.1532619542651216,0.13759100924999998,0.7311481307499998
65,100,0.4,Intercept,-0.2576543471283729,0.6894133769419909,-1.6136640549999999,1.0810506049999988
65,100,0.4,groupembodied,0.6159126787538625,0.24127797227918205,0.137301937,1.0834114175
65,100,0.4,pre_score_z,0.05618579335664608,0.11774863803260213,-0.17542526574999998,0.28719307749999984
65,100,0.87,Intercept,-0.41282734374365687,0.46604277039988445,-1.3289746125,0.5039178109999997
65,100,0.87,groupembodied,0.8206675804949133,0.31502293346057153,0.19356344074999998,1.4409763125
65,100,0.87,pre_score_z,0.32342938601302573,0.15985073577071052,0.014321720225000034,0.6345688439999998
65,100,1.39,Intercept,-0.31936157583274627,0.3929733915986562,-1.08657944,0.46937876324999966
65,100,1.39,groupembodied,1.040758080050825,0.3944253418459806,0.26376430225,1.8056760575000002
65,100,1.39,pre_score_z,0.56344785002255,0.17473530275463242,0.22045894825,0.9113204655
65,150,0.15,Intercept,0.08978945185940274,0.5108385602174567,-0.9457621055,1.0980962124999984
65,150,0.15,groupembodied,0.3173106757128312,0.2560263707748965,-0.18370960849999998,0.81819796525
65,150,0.15,pre_score_z,0.470746382544125,0.10856423412639343,0.25825192175000006,0.68350236375
65,150,0.4,Intercept,0.9225284283160937,0.41006422041585144,0.1112884055,1.737026392499999
65,150,0.4,groupembodied,0.78952491413296,0.25830300021033775,0.28329828175,1.3052971624999998
65,150,0.4,pre_score_z,0.224147714506253,0.12175726802677987,-0.010215340299999997,0.4684810874999997
65,150,0.87,Intercept,-0.16454897676719002,0.4751491972051097,-1.1120004475,0.7742107894999998
65,150,0.87,groupembodied,0.74039865756975,0.2181579443605055,0.3151723555,1.1670440374999997
65,150,0.87,pre_score_z,0.28749940253412626,0.0944823525346811,0.10314798275,0.4744476797499999
65,150,1.39,Intercept,-0.448726230679045,0.5561661530777593,-1.5596058824999999,0.65791626925
65,150,1.39,groupembodied,1.419939889735,0.30186545765210693,0.8111348942500001,2.0074510775
65,150,1.39,pre_score_z,0.33953958989780125,0.12228510893978757,0.09950988310000002,0.5820174629999999
65,200,0.15,Intercept,0.0907325234572805,0.6886992495223139,-1.2642478599999998,1.4948705125
65,200,0.15,groupembodied,0.16001980976549499,0.21822595964330616,-0.281769373,0.5954726062499995
65,200,0.15,pre_score_z,0.3266532445618375,0.08842112083163857,0.15263696125,0.4989162592499998
65,200,0.4,Intercept,-0.9040680075530787,0.4468624188585791,-1.8081570725,-0.003324501252500129
65,200,0.4,groupembodied,0.24769120444396375,0.24974761717433192,-0.24978250324999998,0.7348989897499999
65,200,0.4,pre_score_z,0.207680410275305,0.08852399578017447,0.035706826775000006,0.37853636575
65,200,0.87,Intercept,0.028209098626795184,0.40829745205486556,-0.78473323275,0.8466797889999996
65,200,0.87,groupembodied,1.0018626611725,0.2220172543759461,0.5640532460000001,1.4422481849999997
65,200,0.87,pre_score_z,0.44026338799425,0.09830346016430656,0.25586530225000004,0.640717632
65,200,1.39,Intercept,-0.5227366089147713,0.47943993393308315,-1.4864872925000001,0.39579984775
65,200,1.39,groupembodied,1.41497625447,0.21875713335019925,0.9857536097499999,1.8602582549999995
65,200,1.39,pre_score_z,0.446643423998,0.10956403262539345,0.23469498425,0.6634894362499998
66,100,0.15,Intercept,-0.2936263870211541,0.5043792068457031,-1.30723715,0.72367828175
66,100,0.15,groupembodied,0.494371461199395,0.3430203101997374,-0.204344318,1.1512603874999998
66,100,0.15,pre_score_z,0.32141101276811146,0.199299541395972,-0.07217828787499998,0.7169061314999995
66,100,0.4,Intercept,-0.04943703273178488,0.42647276109167837,-0.90186436325,0.8037519792499999
66,100,0.4,groupembodied,-0.11259667906945987,0.3057060544527045,-0.7201754384999999,0.5087172669999999
66,100,0.4,pre_score_z,0.30230459960406386,0.1287232066946905,0.050800343625,0.5554949452499999
66,100,0.87,Intercept,-0.5917588897891862,0.4851748608648324,-1.5694367925000001,0.34811012374999994
66,100,0.87,groupembodied,0.7248919042413625,0.2805385521551479,0.17273840624999998,1.2834953999999998
66,100,0.87,pre_score_z,0.34845988937290123,0.137555526669261,0.07545218790000001,0.6203460979999998
66,100,1.39,Intercept,0.12172096095597815,0.5439044424942749,-0.9437292552499998,1.2158972749999999
66,100,1.39,groupembodied,1.3945507198086249,0.33982729819279245,0.7380869725,2.07326958
66,100,1.39,pre_score_z,0.4453304161514625,0.16828727127452578,0.12067712075,0.7805957632499998
66,150,0.15,Intercept,0.10220230489214864,0.5287537415532819,-0.9440159675,1.14709026
66,150,0.15,groupembodied,-0.064380218092508,0.2844496271167748,-0.61982050375,0.4990624422499998
66,150,0.15,pre_score_z,0.50875072112475,0.12332940721462567,0.27338283825,0.75681091175
66,150,0.4,Intercept,-0.97174294456762,0.4008890027289617,-1.763714705,-0.17205129550000026
66,150,0.4,groupembodied,0.5460142630149537,0.22801563101068972,0.08643417545000001,0.9939380642499993
66,150,0.4,pre_score_z,0.445020468399,0.11766067611366941,0.214469463,0.6771691004999999
66,150,0.87,Intercept,0.46110724060961666,0.5131400967395454,-0.56548598825,1.4734083949999999
66,150,0.87,groupembodied,0.29322603128484437,0.2324675939568707,-0.16061309324999998,0.7483539002499999
66,150,0.87,pre_score_z,0.4493379700493625,0.11213963631860527,0.23603216600000002,0.6715542857499998
66,150,1.39,Intercept,0.12551806457610704,0.45307471606262273,-0.7694330475,1.03807707
66,150,1.39,groupembodied,1.252162028774,0.2686648482493637,0.71170663275,1.7777450399999997
66,150,1.39,pre_score_z,0.2702280463757522,0.12090626233921387,0.035069264600000004,0.5076930155
66,200,0.15,Intercept,-0.50015991132702,0.417604567380287,-1.3410974325,0.3255799722499995
66,200,0.15,groupembodied,0.19967499251005,0.23940284195015388,-0.2823391102499999,0.6680312989999998
66,200,0.15,pre_score_z,0.22330015017686874,0.1008664720437098,0.025591601825,0.41462628124999995
66,200,0.4,Intercept,-0.48417007801983764,0.4076835324543024,-1.3305706875,0.34135936
66,200,0.4,groupembodied,0.6533010446157137,0.227592548055306,0.20277257800000004,1.0795354325
66,200,0.4,pre_score_z,0.363958147234125,0.08966647510270098,0.18874323650000002,0.53977068025
66,200,0.87,Intercept,-0.19197609745074123,0.45375467952463494,-1.0735097975,0.7199031817499996
66,200,0.87,groupembodied,0.5696246570700451,0.2001420405713614,0.17391807474999998,0.9584723875000001
66,200,0.87,pre_score_z,0.2519760822283375,0.08125150690112423,0.094323128175,0.41538874049999996
66,200,1.39,Intercept,-0.31487440657487925,0.38363454079087383,-1.08112569,0.44686876999999947
66,200,1.39,groupembodied,1.46366082115375,0.20268191540134484,1.0637618975,1.8608447324999995
66,200,1.39,pre_score_z,0.37350185983399997,0.09624188738666842,0.18898121499999998,0.5637031534999999
67,100,0.15,Intercept,-1.1846132402062575,0.4228626366271094,-2.0285405725,-0.32988963575000024
67,100,0.15,groupembodied,0.32347049592648613,0.2155326345836347,-0.10212745399999999,0.7498244172499992
67,100,0.15,pre_score_z,0.21600237869163375,0.09862845093997216,0.021911970475,0.41408811999999984
67,100,0.4,Intercept,0.7829340372135225,0.44052254675641445,-0.0838823724,1.6695622699999997
67,100,0.4,groupembodied,0.39144990341008223,0.3041005101790262,-0.218452019,1.00189833
67,100,0.4,pre_score_z,0.35815731985662974,0.16704368014628335,0.033245542600000004,0.69469774425
67,100,0.87,Intercept,-0.5054074057320854,0.4053693257933399,-1.3170407775000001,0.3130617872499994
67,100,0.87,groupembodied,0.5050240963653413,0.34223388621516604,-0.18027467724999993,1.1829967399999997
67,100,0.87,pre_score_z,0.3260800659885362,0.1667201852345225,0.0044215664975000134,0.661818006
67,100,1.39,Intercept,-0.5731877684994637,0.43495600809713086,-1.437542855,0.29906718475
67,100,1.39,groupembodied,1.069390536305,0.30403148696015303,0.4642222715,1.6552305749999985
67,100,1.39,pre_score_z,0.3778764715069615,0.13740000687964457,0.10035114875,0.64330323075
67,150,0.15,Intercept,0.2882707481524866,0.387193763578462,-0.473445956,1.0693703649999993
67,150,0.15,groupembodied,-0.15507024499882024,0.23486486614758992,-0.618627737,0.3092499937499999
67,150,0.15,pre_score_z,0.2912543068036,0.1061314852016219,0.08266800470000002,0.49763571174999993
67,150,0.4,Intercept,-0.20598693789973574,0.47080177618999686,-1.142433655,0.7285554629999997
67,150,0.4,groupembodied,0.49916793872151877,0.2326048475923115,0.043388892200000015,0.9580701597499998
67,150,0.4,pre_score_z,0.3292724313851563,0.11575865697503512,0.0993069025,0.553458488
67,150,0.87,Intercept,-0.5737535280195712,0.6843719408335219,-1.9439938925,0.7757265989999995
67,150,0.87,groupembodied,1.040740926099,0.2710545706310438,0.4981759605,1.5608490099999996
67,150,0.87,pre_score_z,0.2808471723925863,0.12723294011841488,0.031309283425,0.5329649692499999
67,150,1.39,Intercept,-0.06639475344118499,0.5427559153474595,-1.147704625,0.9946394789999997
67,150,1.39,groupembodied,1.66802655566875,0.29490035620439214,1.0760662150000002,2.2349213474999994
67,150,1.39,pre_score_z,0.35182657110230003,0.13642186861596842,0.0867922828,0.621073638
67,200,0.15,Intercept,-0.284285231165841,0.6214083709795687,-1.5274084475,0.9639847019999994
67,200,0.15,groupembodied,0.1404663558951419,0.24840052853508748,-0.34110096549999996,0.6484329889999995
67,200,0.15,pre_score_z,0.335706199991725,0.09228101644023375,0.15548048475,0.5207192722499999
67,200,0.4,Intercept,-0.7919963902111975,0.3308262394956904,-1.4508307349999998,-0.11679913275000008
67,200,0.4,groupembodied,0.425648985132634,0.20300352363742288,0.03644786410000002,0.8276016994999997
67,200,0.4,pre_score_z,0.45213442461125003,0.09070381391918954,0.27244879175000003,0.6309994552499997
67,200,0.87,Intercept,0.8208619919851937,0.5330470652417357,-0.23983012124999997,1.8707632949999986
67,200,0.87,groupembodied,0.5170317121175787,0.2352216744242785,0.047104603475000006,0.9722209777499999
67,200,0.87,pre_score_z,0.3200340836618125,0.09861981937972272,0.12942137650000002,0.5166476447499999
67,200,1.39,Intercept,-0.43407936758003923,0.5969709677187334,-1.6437957475,0.73793633175
67,200,1.39,groupembodied,1.2117191211471,0.25449791255464327,0.714104652,1.7140605525
67,200,1.39,pre_score_z,0.2676075738576392,0.10693490789204345,0.0600939471,0.4792190842499999
68,100,0.15,Intercept,0.3660848224808077,0.5838215282360423,-0.7887745355,1.5397846474999994
68,100,0.15,groupembodied,0.03698331737678263,0.32738405579417984,-0.6142463024999999,0.6762716009999992
68,100,0.15,pre_score_z,0.2650504683315822,0.17058918376422566,-0.06977417015,0.6058934907499994
68,100,0.4,Intercept,-1.39344047659875,0.4070294873443095,-2.214291115,-0.5942948267500006
68,100,0.4,groupembodied,0.49708376638325247,0.3066303621418247,-0.10030416324999998,1.1047262774999997
68,100,0.4,pre_score_z,0.3369158533770875,0.13970410619914703,0.06895278257500001,0.6219641309999997
68,100,0.87,Intercept,-0.2531928390857475,0.6963535170018461,-1.6626521775,1.1375116999999995
68,100,0.87,groupembodied,0.9333477202208612,0.36590454053039556,0.21906850575,1.6697920974999998
68,100,0.87,pre_score_z,0.33008769329341037,0.1991132467024122,-0.05571194839999998,0.7246706367499998
68,100,1.39,Intercept,0.21938319707765563,0.5177817959104664,-0.793884156,1.2441502875
68,100,1.39,groupembodied,1.249978337538,0.32150684691282844,0.62114782075,1.8863510624999997
68,100,1.39,pre_score_z,0.35462306393479626,0.15043535907503164,0.06128889955,0.6543201897499998
68,150,0.15,Intercept,-0.3212505947473137,0.5045721611133785,-1.3098820875000001,0.6998000162499983
68,150,0.15,groupembodied,0.1052467138458502,0.21927391429295862,-0.3306644005,0.5459917859999999
68,150,0.15,pre_score_z,0.22058451301532,0.09296732762969971,0.03690751225,0.40398725599999996
68,150,0.4,Intercept,-0.06712148983095372,0.5356822502681226,-1.1581106099999998,0.9794373304999995
68,150,0.4,groupembodied,0.59150926063715,0.23731245945427357,0.12843842075,1.0605433949999998
68,150,0.4,pre_score_z,0.395912711799625,0.11186246055123585,0.1743498205,0.61355475075
68,150,0.87,Intercept,-0.25210470858871703,0.48115323035246216,-1.2015273625,0.714487915749999
68,150,0.87,groupembodied,0.7277424376544875,0.23300858249576778,0.26899331800000004,1.184558005
68,150,0.87,pre_score_z,0.3915761294797,0.10896493077627875,0.177839704,0.6051876985
68,150,1.39,Intercept,0.12641724837590484,0.4879895427023042,-0.8570723515,1.0709948574999995
68,150,1.39,groupembodied,1.302141897158,0.2547693543556359,0.78114401975,1.8036999925
68,150,1.39,pre_score_z,0.3359760476571625,0.10187903761308788,0.13407225525000002,0.53801498700000006
68,200,0.15,Intercept,0.662097147197765,0.4768968404884288,-0.253574509,1.6415628899999999
68,200,0.15,groupembodied,0.2791308826078575,0.2619250026427939,-0.25211951499999996,0.78441246775
68,200,0.15,pre_score_z,0.19904902596040125,0.09375306598059092,0.016089304950000004,0.37944575774999995
68,200,0.4,Intercept,-0.6194149137146076,0.3328815191696966,-1.2938767225,0.03192395992499984
68,200,0.4,groupembodied,0.535036238913175,0.18669823479566258,0.16731234900000003,0.8990740939999998
68,200,0.4,pre_score_z,0.32912342781675,0.09189894330387147,0.153673532,0.5137894169999999
68,200,0.87,Intercept,-0.08863601044587424,0.3250310015113748,-0.74351492625,0.5668503854999999
68,200,0.87,groupembodied,1.017838697885,0.21288655854535227,0.5906203459999999,1.4346512724999998
68,200,0.87,pre_score_z,0.33846870574354,0.09922888237714188,0.14802784549999998,0.53624350925
68,200,1.39,Intercept,-0.17158474254950448,0.4789391514518267,-1.1231873650000002,0.782623881
68,200,1.39,groupembodied,1.44568749427,0.22089701352313018,1.0181194,1.8729886399999995
68,200,1.39,pre_score_z,0.30748203623591375,0.10367821632498653,0.10882307450000002,0.5111562107500001
69,100,0.15,Intercept,-0.07429403103703774,0.3886463646604351,-0.8258137852499999,0.699113516
69,100,0.15,groupembodied,0.06559234167055525,0.3283827163004583,-0.5832481332499999,0.7115649594999994
69,100,0.15,pre_score_z,0.377898511255025,0.12396007430232346,0.13151179475000002,0.62245030475
69,100,0.4,Intercept,-0.42025619008936255,0.7143841919297802,-1.8721289825,0.9853427989999999
69,100,0.4,groupembodied,0.15450052718892537,0.3264646130104832,-0.4941448015,0.8038830857499999
69,100,0.4,pre_score_z,0.1660280174891635,0.14505632467440152,-0.11936152625,0.4576971652499999
69,100,0.87,Intercept,-0.3926745521406718,0.6449549251755942,-1.72923024,0.8765679027499994
69,100,0.87,groupembodied,1.1982257421746,0.3641293477146765,0.47254598650000007,1.9091878474999995
69,100,0.87,pre_score_z,0.4987648427694525,0.15855538711460776,0.19818801925,0.823644312
69,100,1.39,Intercept,-0.011334446285262504,0.3344774749461838,-0.6982717675000001,0.6626969059999996
69,100,1.39,groupembodied,1.1659062409538874,0.30972985497210265,0.55085330575,1.7654133024999998
69,100,1.39,pre_score_z,0.32113758799304876,0.11334544952495422,0.09941275570000001,0.5374771534999998
69,150,0.15,Intercept,0.019192615222149406,0.6131664412441846,-1.1636181225,1.2706928199999996
69,150,0.15,groupembodied,0.19580813743466086,0.26115372278485033,-0.3308225535,0.7041950717499996
69,150,0.15,pre_score_z,0.11058767057943625,0.09977047563872841,-0.08566014944999999,0.3090603074999999
69,150,0.4,Intercept,0.08396222353761842,0.45324261603570654,-0.83420318025,0.9781130697499992
69,150,0.4,groupembodied,0.14503459859175047,0.2540298764268429,-0.34159873725,0.66210106525
69,150,0.4,pre_score_z,0.28185944600484114,0.1350243069895019,0.01962013665000002,0.5488949005
69,150,0.87,Intercept,-0.023956326772742256,0.41890503074791474,-0.8505047522500001,0.8168305494999979
69,150,0.87,groupembodied,0.43486238551579626,0.2734233646358379,-0.10599206324999995,0.9788606297499999
69,150,0.87,pre_score_z,0.28409641146952125,0.11021872695921363,0.07075468609999999,0.5003186669999999
69,150,1.39,Intercept,-0.03890187784140354,0.5215795573307623,-1.092484725,0.98191365775
69,150,1.39,groupembodied,1.5842748859225,0.2363587471069605,1.1196413875,2.0571962275
69,150,1.39,pre_score_z,0.56639486217125,0.1091153522675292,0.35735587975,0.7834879067499999
69,200,0.15,Intercept,0.39462222185275025,0.4293577120755895,-0.44549420875,1.27980192
69,200,0.15,groupembodied,0.29779624753439876,0.1927257324419425,-0.083587294975,0.6801124867499999
69,200,0.15,pre_score_z,0.1720349554745475,0.08778219490895608,0.0018395217750000012,0.3450116179999999
69,200,0.4,Intercept,-0.31689587019703663,0.5467887616559227,-1.4059754775,0.7994400344999992
69,200,0.4,groupembodied,0.22922708624592336,0.20577963160646595,-0.18008843724999998,0.6281606524999996
69,200,0.4,pre_score_z,0.16600961922618324,0.09425129083393399,-0.021247994924999992,0.3533704632499999
69,200,0.87,Intercept,0.118472005774756,0.5120248470580719,-0.9027446817499999,1.11787563
69,200,0.87,groupembodied,0.8051646158524,0.1988948725155138,0.42242918725000006,1.1985889
69,200,0.87,pre_score_z,0.32079958283475,0.09230064399114149,0.14131105025000004,0.502191693
69,200,1.39,Intercept,0.12544850369850935,0.42735216967452105,-0.74765018925,0.9648289524999998
69,200,1.39,groupembodied,1.13724619705875,0.22572491984981413,0.68994845375,1.5745858224999998
69,200,1.39,pre_score_z,0.19544958844046625,0.10197804657985197,-0.0029097125499999996,0.39552117374999995
70,100,0.15,Intercept,0.33393138654704274,0.60692174449243,-0.8595544087499999,1.5602073599999995
70,100,0.15,groupembodied,-0.3294564390075404,0.2939157926366198,-0.905382177,0.24724422974999957
70,100,0.15,pre_score_z,0.546969538274625,0.14001265076571995,0.27560091025000005,0.8245643759999999
70,100,0.4,Intercept,0.20556758738262126,0.37012761021060014,-0.51653907775,0.9420603424999998
70,100,0.4,groupembodied,0.48572689516093,0.3082326671925091,-0.11708172774999996,1.0845499825
70,100,0.4,pre_score_z,0.020838628053597385,0.12693227829763912,-0.22856138724999997,0.27145718999999974
70,100,0.87,Intercept,-0.7966897287221437,0.39277555337102676,-1.5788776475,-0.020310062300000566
70,100,0.87,groupembodied,0.801342467298,0.3211394187302416,0.14400704,1.4148961549999994
70,100,0.87,pre_score_z,0.4742914530564338,0.1276440249245524,0.22588528075,0.7320568847499997
70,100,1.39,Intercept,-0.23581890881604625,0.40728103936938864,-1.02809673,0.5819059554999999
70,100,1.39,groupembodied,1.126815901573375,0.2716557272316539,0.5867821615,1.6489142949999998
70,100,1.39,pre_score_z,0.14385616593430633,0.11989368134641652,-0.09028759512500001,0.38470756199999995
70,150,0.15,Intercept,0.2889976733605946,0.5692789954991723,-0.8260405614999999,1.4245616624999997
70,150,0.15,groupembodied,0.338826535309277,0.23209692833989698,-0.11540424874999998,0.8024912129999998
70,150,0.15,pre_score_z,0.40102760854825,0.10879612672802266,0.19232326700000002,0.6170561592499998
70,150,0.4,Intercept,-0.6413092762407974,0.48255035531203316,-1.583156855,0.3205918352499998
70,150,0.4,groupembodied,0.3523228556155695,0.21570633725716548,-0.078329205225,0.7809515837499998
70,150,0.4,pre_score_z,0.3054338838940875,0.09493054078362459,0.11920456775000002,0.48975605049999976
70,150,0.87,Intercept,0.183459231049635,0.43378994002127996,-0.6659762164999999,1.0619669949999997
70,150,0.87,groupembodied,0.4683883112579725,0.30344186811008944,-0.12777981775,1.063882215
70,150,0.87,pre_score_z,0.25829448551648876,0.12166213725378013,0.020878707524999998,0.49930189949999954
70,150,1.39,Intercept,-0.5524263460078938,0.39251249002946753,-1.3650401449999998,0.22690501699999988
70,150,1.39,groupembodied,1.51351398861625,0.2413103095694819,1.04166075,2.0032847225
70,150,1.39,pre_score_z,0.39237822139777123,0.11951070342273976,0.15501837425,0.6275214385
70,200,0.15,Intercept,-0.012527932404012496,0.3406405221972004,-0.67670054475,0.6773163164999992
70,200,0.15,groupembodied,0.2578615910019384,0.20696850988434612,-0.15402331725,0.6587889990000001
70,200,0.15,pre_score_z,0.368062065826125,0.0926603296211682,0.19089724300000002,0.5559286864999999
70,200,0.4,Intercept,-0.07888653056568376,0.5929503299668258,-1.2745512875,1.090197745
70,200,0.4,groupembodied,0.2391898003362025,0.21283118044709282,-0.183767557,0.6566688537500001
70,200,0.4,pre_score_z,0.447441626734375,0.09236027607498058,0.26811607125000003,0.628479097
70,200,0.87,Intercept,-0.29586154396397707,0.39645648670220757,-1.072093135,0.4913952749999998
70,200,0.87,groupembodied,0.852928926284875,0.1911574389982673,0.47476492124999997,1.2259726525
70,200,0.87,pre_score_z,0.382998346889375,0.08298263786244177,0.225154775,0.5494782475
70,200,1.39,Intercept,0.0029181582510769953,0.5061647732093768,-1.0017292975,0.9780705744999998
70,200,1.39,groupembodied,1.07442588782,0.22022101789463713,0.64723146575,1.5072026224999995
70,200,1.39,pre_score_z,0.34872241828281503,0.09743826936819078,0.1587983175,0.53964924475
71,100,0.15,Intercept,-0.036112242866902004,0.508367749229557,-1.0511336125,0.9555998887499995
71,100,0.15,groupembodied,0.0035581821028848695,0.2884974198843773,-0.57013719375,0.5794731652499996
71,100,0.15,pre_score_z,0.4342764203615125,0.13005187122065284,0.18273474125,0.6935180235
71,100,0.4,Intercept,0.23801549990760515,0.44685907416219905,-0.67689302625,1.13404837
71,100,0.4,groupembodied,0.01636182052335763,0.3083418466183743,-0.5854407895,0.6228891644999994
71,100,0.4,pre_score_z,0.20955307987401364,0.16073455458478797,-0.10425438549999998,0.5227714172499996
71,100,0.87,Intercept,0.6016745184489022,0.6010299082005142,-0.65797150725,1.7402100625
71,100,0.87,groupembodied,0.7950526867979587,0.3344156680657118,0.1408361575,1.4733063974999998
71,100,0.87,pre_score_z,0.49417493337630125,0.15978152349931585,0.18649938600000002,0.8126146824999997
71,100,1.39,Intercept,0.7860956419006045,0.36837823140574333,0.06174231900000003,1.5344034899999996
71,100,1.39,groupembodied,1.1168385229895375,0.3113255015296917,0.48640616700000006,1.7184131449999995
71,100,1.39,pre_score_z,-0.0401920676023253,0.13715864059203717,-0.3097084985,0.2313740804999999
71,150,0.15,Intercept,-0.14717536792945746,0.46983377543331045,-1.0954033125,0.78363766625
71,150,0.15,groupembodied,0.09348563563823213,0.22885876409780623,-0.3529913117499999,0.5525950047499999
71,150,0.15,pre_score_z,0.347296838663395,0.11546045125435704,0.12129181125000002,0.57507300125
71,150,0.4,Intercept,0.42665515113032876,0.3965865526870778,-0.38482511174999995,1.2088321124999999
71,150,0.4,groupembodied,0.18507912245127023,0.19957573243267468,-0.20945511599999997,0.5804800142499998
71,150,0.4,pre_score_z,0.409763683400625,0.0978125700063118,0.221689893,0.6012432409999998
71,150,0.87,Intercept,-0.2803043414695175,0.4612809172566053,-1.2038240899999997,0.6329585157499993
71,150,0.87,groupembodied,0.951693882343375,0.22711574252956962,0.5107402375,1.4040158724999998
71,150,0.87,pre_score_z,0.42474487005875,0.10395122536162435,0.22780017600000002,0.6291453792499998
71,150,1.39,Intercept,0.1719963235702425,0.43730421380216145,-0.71907798,1.0074487074999994
71,150,1.39,groupembodied,1.12782269996125,0.24104693109919603,0.65339302825,1.6024518874999998
71,150,1.39,pre_score_z,0.3574139345792575,0.11885405413432067,0.12845253525,0.5897742814999997
71,200,0.15,Intercept,-0.09312305496291315,0.532584598457401,-1.136048725,0.9674421637499997
71,200,0.15,groupembodied,-0.045807717270092745,0.1986101340954474,-0.43164586675,0.3521328219999999
71,200,0.15,pre_score_z,0.37332747337925,0.09507228083154341,0.187666782,0.5611717744999999
71,200,0.4,Intercept,-0.20926243902112016,0.5241476631246832,-1.26275486,0.8123776689999995
71,200,0.4,groupembodied,0.371537290415085,0.2662389657992729,-0.15576235249999998,0.8891527532499995
71,200,0.4,pre_score_z,0.33484094070230247,0.10418282795009665,0.1310245615,0.541783483
71,200,0.87,Intercept,-0.4359012831636375,0.41217163292187026,-1.26313174,0.3949164322499996
71,200,0.87,groupembodied,0.715963798963375,0.19623210466339824,0.33762251200000004,1.10395204
71,200,0.87,pre_score_z,0.3559951191262125,0.09656335482758854,0.16798233275,0.5479088019999999
71,200,1.39,Intercept,-0.83306204030269,0.4099208925827778,-1.656013385,-0.024981991650000153
71,200,1.39,groupembodied,1.39336439796875,0.21891993438142285,0.96288172625,1.8176504425
71,200,1.39,pre_score_z,0.2168848945619525,0.09216223632167415,0.04039084605,0.4021490745
72,100,0.15,Intercept,0.06679335447590123,0.5135862350504614,-0.951423527,1.0874075799999992
72,100,0.15,groupembodied,0.1628458162653547,0.28472862753265216,-0.3843473915,0.7323727777499999
72,100,0.15,pre_score_z,0.2684800304423183,0.13811557576871455,-0.0015355906199999998,0.539703323
72,100,0.4,Intercept,-0.3656099059057445,0.6394404481772596,-1.67359631,0.933058418
72,100,0.4,groupembodied,0.6056448673748281,0.3548694040409128,-0.0906668665,1.31120074
72,100,0.4,pre_score_z,0.2027538637535975,0.13820058136089647,-0.06737213895,0.4703233634999999
72,100,0.87,Intercept,-0.179043035025327,0.5812256082302585,-1.3209139650000001,0.9751834984999995
72,100,0.87,groupembodied,1.016331906936125,0.30557531434289753,0.417207719,1.6208309425
72,100,0.87,pre_score_z,0.1116756215487658,0.14919003713968285,-0.17563472624999998,0.4061362367499993
72,100,1.39,Intercept,0.40570045604719224,0.5008081787823057,-0.58531156075,1.4088113199999999
72,100,1.39,groupembodied,0.7803826182407375,0.30675500833476005,0.16440240325,1.39213046
72,100,1.39,pre_score_z,0.18462290681701038,0.14042552571494044,-0.08719843327499999,0.4602755587499999
72,150,0.15,Intercept,-0.038524980166469984,0.535821078252424,-1.1248154775,1.0038307775
72,150,0.15,groupembodied,0.6854657645414775,0.2630271367712433,0.16891037300000003,1.2160356874999998
72,150,0.15,pre_score_z,0.16715162847702963,0.10974505689994558,-0.050085979275000005,0.3801914975
72,150,0.4,Intercept,-0.7462706958845751,0.6251887303608653,-1.9738551,0.5262656649999994
72,150,0.4,groupembodied,0.683803511164485,0.2709309662833737,0.14302662,1.2218890224999994
72,150,0.4,pre_score_z,0.3946756323697875,0.11690213595286976,0.1668631245,0.6283968957499999
72,150,0.87,Intercept,-0.5328869357587012,0.5055303922615061,-1.54692908,0.4700523167499998
72,150,0.87,groupembodied,0.8247622878374625,0.24103424938388232,0.34941908375,1.3004515724999999
72,150,0.87,pre_score_z,0.23728735329686249,0.11557252540487478,0.009798286225000005,0.4678251474999999
72,150,1.39,Intercept,0.52687206300132,0.4184770423519968,-0.325019245,1.332311672499999
72,150,1.39,groupembodied,1.35064286003625,0.26677304559380116,0.80458617425,1.8764841375
72,150,1.39,pre_score_z,0.3855597708865,0.10126188746517381,0.1890636925,0.587352731
72,200,0.15,Intercept,-0.44270016092007947,0.46761864239056733,-1.39885379,0.46394447149999984
72,200,0.15,groupembodied,0.3637779103559145,0.2163349027316478,-0.06642227894999997,0.78688734375
72,200,0.15,pre_score_z,0.45025476638462497,0.10387420820895439,0.25118135125,0.6584266655
72,200,0.4,Intercept,0.4266223964647238,0.4316181003388341,-0.459023535,1.2615431199999998
72,200,0.4,groupembodied,-0.027048279177231932,0.1902678642764677,-0.4025865115,0.3443096112499998
72,200,0.4,pre_score_z,0.38483826995875,0.08624082433514292,0.21772632800000002,0.55487895575
72,200,0.87,Intercept,-0.8582193941527301,0.5674328818135158,-1.9797524349999998,0.2922492422499994
72,200,0.87,groupembodied,1.12698253325375,0.21026163423856536,0.71139157125,1.5309548924999998
72,200,0.87,pre_score_z,0.40715340537625,0.0927587897118097,0.2288940315,0.5919361617499999
72,200,1.39,Intercept,-0.7713088805610012,0.48101091673877117,-1.7436302099999998,0.17603003174999954
72,200,1.39,groupembodied,1.0874587565112501,0.2216822511119314,0.6287810567500001,1.5225501524999996
72,200,1.39,pre_score_z,0.2993906603097125,0.0900290941729707,0.125935317,0.47893007949999994
73,100,0.15,Intercept,-0.047733988059081245,0.43494126008202816,-0.9165255607499999,0.828715896
73,100,0.15,groupembodied,0.06776584810062737,0.26917022873810165,-0.4691422344999999,0.6077544952499999
73,100,0.15,pre_score_z,0.26706458073375877,0.1350413594943106,0.002654819390000007,0.534796239
73,100,0.4,Intercept,-0.5953894648874575,0.4837801732600655,-1.5618158825000001,0.37731112549999907
73,100,0.4,groupembodied,0.20393899762525836,0.24469848881986397,-0.27283877624999997,0.69588015975
73,100,0.4,pre_score_z,0.12968345580286939,0.11999673054338135,-0.10457255799999998,0.36956069574999995
73,100,0.87,Intercept,0.24566293804811126,0.6681407839919513,-1.116559995,1.6138679549999995
73,100,0.87,groupembodied,1.199689428136875,0.27632742164488666,0.6296702855,1.731811015
73,100,0.87,pre_score_z,0.5184451016,0.11520687521422426,0.293414526,0.7514406607499998
73,100,1.39,Intercept,-0.15989280736628747,0.5936546433042043,-1.3817788475,0.9722900707499998
73,100,1.39,groupembodied,1.303061738600875,0.3330357635725097,0.6491916127499999,1.946969245
73,100,1.39,pre_score_z,0.22910558617435686,0.1632220113515452,-0.08898291117499997,0.5496054399999998
73,150,0.15,Intercept,0.548973876554657,0.5330180677696664,-0.5026140625,1.6138359899999997
73,150,0.15,groupembodied,-0.0018795150705504884,0.2953473079095115,-0.597522144,0.5913505822499998
73,150,0.15,pre_score_z,0.374446914278275,0.1095283092061487,0.164449387,0.5944376292499998
73,150,0.4,Intercept,-0.7046201485004551,0.5289842178121499,-1.76890627,0.32433861325
73,150,0.4,groupembodied,0.429799903522111,0.24426627535806633,-0.04061648324999999,0.91984572925
73,150,0.4,pre_score_z,0.4714123054155,0.12094806154971978,0.24005226425,0.710562385
73,150,0.87,Intercept,-0.141620931585362,0.46559196167377614,-1.0793344800000002,0.7716472044999998
73,150,0.87,groupembodied,0.891647618902375,0.24268825158177998,0.418072312,1.3709031749999991
73,150,0.87,pre_score_z,0.23024164408479125,0.11209982152569406,0.01005863485,0.4512576564999996
73,150,1.39,Intercept,0.1282213542007025,0.27755159266161294,-0.41355992625,0.6901846754999996
73,150,1.39,groupembodied,1.39898437079125,0.24314570928061485,0.920915598,1.8817774225
73,150,1.39,pre_score_z,0.35775782985556875,0.11008698851562483,0.14155703175,0.5734423722499999
73,200,0.15,Intercept,-0.7438010032914575,0.4016097897531783,-1.5277266825,0.07468528289999972
73,200,0.15,groupembodied,0.2579863415598245,0.23831456499375964,-0.21162410175,0.7339458774999998
73,200,0.15,pre_score_z,0.467514503979625,0.10224901219749163,0.26256578275,0.6693482427499999
73,200,0.4,Intercept,0.5065350966815579,0.5326984722106278,-0.5863609667499999,1.5678042249999995
73,200,0.4,groupembodied,0.5966904712351125,0.24289897838799804,0.1259147585,1.0870778849999998
73,200,0.4,pre_score_z,0.2835746820668375,0.09274475368562327,0.1010504025,0.46951925775
73,200,0.87,Intercept,0.5352584056703362,0.46576893605466035,-0.4181171885,1.4453228824999997
73,200,0.87,groupembodied,0.844735896936625,0.2131466522721694,0.41951074925,1.2514515824999997
73,200,0.87,pre_score_z,0.1697141581921135,0.09636496590094107,-0.022612373874999994,0.35831780449999995
73,200,1.39,Intercept,-0.2064429099452523,0.3576467318581588,-0.9461136085,0.5003431597499988
73,200,1.39,groupembodied,1.0094974989565,0.22796444526270224,0.55176662075,1.4596032600000002
73,200,1.39,pre_score_z,0.327538066867125,0.09207650779731118,0.14700740975,0.5087917829999999
74,100,0.15,Intercept,-0.9714167203160875,0.5508169930940359,-2.0509864725,0.11695641099999987
74,100,0.15,groupembodied,0.2725666493621145,0.3531436805291095,-0.42038554575,0.9703672032499994
74,100,0.15,pre_score_z,0.30987676775756623,0.14785008905739475,0.020253965475000003,0.59796461475
74,100,0.4,Intercept,0.05606636779021627,0.6705635200450792,-1.2902676674999998,1.3703290049999997
74,100,0.4,groupembodied,0.237149483238977,0.31888209868316075,-0.39943785175,0.8739600632499998
74,100,0.4,pre_score_z,0.3234696592116275,0.1636459215685105,0.010655786285000033,0.65423530775
74,100,0.87,Intercept,-0.2434500769158185,0.47432377553299937,-1.1616822199999999,0.7085730157499996
74,100,0.87,groupembodied,0.62187630900198,0.29058939865307315,0.047212686775000005,1.1908898449999998
74,100,0.87,pre_score_z,0.43158145534765,0.13830649587732888,0.16308111250000001,0.7107147125
74,100,1.39,Intercept,-0.5896257060706201,0.39901340149449865,-1.39778636,0.19901060374999896
74,100,1.39,groupembodied,1.537679992295,0.30051185225099525,0.9356748615,2.1405308425
74,100,1.39,pre_score_z,0.422383064196785,0.14620063570019687,0.14728733800000002,0.7137825862499999
74,150,0.15,Intercept,-0.14958420932331382,0.35114402893127794,-0.8567137382500001,0.5355985449999999
74,150,0.15,groupembodied,-0.08698363902752825,0.21405743117916767,-0.5044588115,0.3355523122499999
74,150,0.15,pre_score_z,0.4597821248486,0.10814215267055369,0.2489498825,0.6692689487499999
74,150,0.4,Intercept,0.21239553817879117,0.6170068634035288,-1.061250655,1.4077440024999999
74,150,0.4,groupembodied,0.50426841273512,0.2514513938861994,0.021132666850000016,0.992326187
74,150,0.4,pre_score_z,0.29695162633518124,0.12639624214896122,0.049408444600000004,0.5528827064999999
74,150,0.87,Intercept,-0.31764658945728536,0.352274276730066,-1.0197728375,0.37121798624999913
74,150,0.87,groupembodied,1.02106814388175,0.22330261710343816,0.57799545675,1.4593116124999999
74,150,0.87,pre_score_z,0.3385972719105625,0.10676358837849395,0.13114667800000002,0.5522839229999998
74,150,1.39,Intercept,-0.5159926945973936,0.4965756608112544,-1.4892953425,0.4737327817499994
74,150,1.39,groupembodied,1.3651259958845126,0.32073763942960076,0.7090624372500001,1.9892185525000001
74,150,1.39,pre_score_z,0.35267101364995,0.10832809194904133,0.13614197875000003,0.56658998325
74,200,0.15,Intercept,0.06749718379783974,0.5591814631568414,-1.0822147574999998,1.1827755974999983
74,200,0.15,groupembodied,-0.10952087168661134,0.18488686803980942,-0.46850396824999996,0.2620812429999997
74,200,0.15,pre_score_z,0.248956453100325,0.08196783036475723,0.088151864225,0.41304957174999996
74,200,0.4,Intercept,0.5646530364783332,0.558707325150014,-0.5712540617499999,1.6691585449999997
74,200,0.4,groupembodied,0.3831357119303525,0.22432756379785343,-0.053042413025,0.8295736665
74,200,0.4,pre_score_z,0.389886487299375,0.09355826609028998,0.2062811215,0.57516335925
74,200,0.87,Intercept,-0.028267014765450252,0.4080471575736574,-0.8367938435,0.8039282735
74,200,0.87,groupembodied,0.8583742793570325,0.23300359195655643,0.38027127400000005,1.3053605
74,200,0.87,pre_score_z,0.42505142209025,0.09515719289796798,0.23848591800000002,0.6146626919999998
74,200,1.39,Intercept,0.3288414904262804,0.4064555373206349,-0.48493224774999993,1.1388856925
74,200,1.39,groupembodied,1.43986181934,0.2141871967923023,1.0229971224999999,1.8666915074999992
74,200,1.39,pre_score_z,0.09552128211834275,0.0931400591557272,-0.085607311175,0.2793217547499998
75,100,0.15,Intercept,-0.08800995421624426,0.6728311097154358,-1.459653145,1.2722290549999997
75,100,0.15,groupembodied,0.18457915828601623,0.2896274906959557,-0.39477696825,0.7568964814999999
75,100,0.15,pre_score_z,0.129199465931696,0.12697874501151324,-0.11906062275,0.3772098794999998
75,100,0.4,Intercept,0.1666177650464079,0.47469207339968406,-0.835527816,1.0899183324999997
75,100,0.4,groupembodied,0.192577324622783,0.3060562450547121,-0.41168253225,0.8009084559999999
75,100,0.4,pre_score_z,0.26138100062530373,0.14938112424324299,-0.027604921974999995,0.5569638827499998
75,100,0.87,Intercept,-1.0224786883775956,0.4416341813113184,-1.8870268499999998,-0.12881617775000076
75,100,0.87,groupembodied,0.716056104951185,0.3783831645477708,-0.058377012325,1.443670815
75,100,0.87,pre_score_z,0.07137342574475927,0.13463726965400755,-0.18690128549999996,0.33438735299999983
75,100,1.39,Intercept,-0.42597039137374,0.6802641383268818,-1.7610451425,0.9239823074999989
75,100,1.39,groupembodied,1.61117537061625,0.3556648116732693,0.8967083765000001,2.3027540249999996
75,100,1.39,pre_score_z,0.21757458803566462,0.16423749097843232,-0.09947262999999999,0.5445365602499999
75,150,0.15,Intercept,-0.004591773817602487,0.47949863795491643,-0.9468083377500001,0.9755443257499998
75,150,0.15,groupembodied,0.291153111881031,0.21153310780279438,-0.12578929799999997,0.7064271602499999
75,150,0.15,pre_score_z,0.24475458170207626,0.10802415969187638,0.034232651450000005,0.4645198424999997
75,150,0.4,Intercept,-0.7187871648382576,0.46972804022429443,-1.6477979,0.24536293524999986
75,150,0.4,groupembodied,0.666896911582775,0.21938645494550163,0.24094945850000002,1.1012531574999993
75,150,0.4,pre_score_z,0.2663381837880225,0.11547161583372921,0.04007291945000001,0.4974751647499999
75,150,0.87,Intercept,0.2768155690983897,0.7420707713247423,-1.2160672624999997,1.7522792149999997
75,150,0.87,groupembodied,0.7546225619691624,0.25138246266725817,0.259032936,1.25472553
75,150,0.87,pre_score_z,0.3411695389350325,0.13647437510643035,0.07852450820000001,0.6139597717499999
75,150,1.39,Intercept,0.08125170842813449,0.5697876280243904,-1.0628399725,1.1865843449999995
75,150,1.39,groupembodied,1.30902051559125,0.24911564355125182,0.818392499,1.8134970999999995
75,150,1.39,pre_score_z,0.37695341121522374,0.13293066111910498,0.12416669100000001,0.644002288
75,200,0.15,Intercept,0.5878598661265888,0.4897134114815759,-0.36382476875,1.5873958774999997
75,200,0.15,groupembodied,-0.152121273845844,0.19867553695470763,-0.542620284,0.24721118799999975
75,200,0.15,pre_score_z,0.16357698268679888,0.09524484407048603,-0.02599625829999999,0.3480608367499999
75,200,0.4,Intercept,-0.3523360783653204,0.32910176552692655,-1.00750718,0.3211108487499999
75,200,0.4,groupembodied,0.36906123231295,0.18563840775091983,-0.004751344552499997,0.7339626319999999
75,200,0.4,pre_score_z,0.39596438923425,0.08440951313644723,0.23165739425,0.5609371862499999
75,200,0.87,Intercept,-0.19536446840490665,0.46923477215633125,-1.137212655,0.7299027942499993
75,200,0.87,groupembodied,1.119790742957375,0.21681672768957322,0.70747449975,1.5541993774999998
75,200,0.87,pre_score_z,0.28864408340572123,0.09218506996989449,0.108255371,0.47207307725
75,200,1.39,Intercept,0.028069995191932505,0.3767774569529374,-0.73943202875,0.7788999492500001
75,200,1.39,groupembodied,0.96598755857225,0.22849453730639627,0.51121090125,1.4124918749999995
75,200,1.39,pre_score_z,0.324723221727725,0.09580663956078753,0.14197403375,0.5152145759999999
76,100,0.15,Intercept,-0.250054010205975,0.41668303440693516,-1.0981349675,0.5890678347499999
76,100,0.15,groupembodied,0.6060391285383412,0.28890968764812874,0.027550486975000007,1.1723172674999998
76,100,0.15,pre_score_z,0.17364805144165,0.13600865296308906,-0.09318194705,0.44525229674999994
76,100,0.4,Intercept,-0.05946778459524323,0.4569307446175371,-0.9595641435,0.8425424387499999
76,100,0.4,groupembodied,-0.25977010404218487,0.28443923581004715,-0.8162527129999999,0.29680243874999984
76,100,0.4,pre_score_z,0.3972585869984,0.12927299230592712,0.14515146475000001,0.65204953625
76,100,0.87,Intercept,-0.288334682268815,0.3522009645911365,-0.99174406275,0.40514302524999946
76,100,0.87,groupembodied,1.1200407582382501,0.28518194559453186,0.5484321704999999,1.6797402174999998
76,100,0.87,pre_score_z,0.11526948165387813,0.1312773831747459,-0.13795238599999998,0.3743041267499999
76,100,1.39,Intercept,0.5800933874985585,0.4812318161030109,-0.40768709549999993,1.5064530999999997
76,100,1.39,groupembodied,1.410281646169625,0.31270478340908975,0.801736573,2.0253834875
76,100,1.39,pre_score_z,0.3676964447360637,0.14049415859913256,0.092128681075,0.6490233979999998
76,150,0.15,Intercept,-0.11130612135250051,0.6598110893639784,-1.4125915275,1.1910447475000001
76,150,0.15,groupembodied,0.10425318113816,0.260140517036106,-0.42633843075,0.6073433834999998
76,150,0.15,pre_score_z,0.3611853712169625,0.11068996330411518,0.146850119,0.5838791854999998
76,150,0.4,Intercept,-0.9757746278126362,0.5196760118967227,-2.0408904249999997,0.04595287002499948
76,150,0.4,groupembodied,0.768341726820575,0.2854447722243606,0.19848857274999998,1.3276078825
76,150,0.4,pre_score_z,0.3298515829824675,0.12041875991172644,0.0968712848,0.5697594404999999
76,150,0.87,Intercept,0.15620748209249025,0.49698176263849314,-0.8285745284999999,1.1510494899999995
76,150,0.87,groupembodied,0.831873312679975,0.2845166266953177,0.2522870855,1.3739988674999999
76,150,0.87,pre_score_z,0.25014063138975373,0.10215494376314345,0.05285844075,0.4541591304999999
76,150,1.39,Intercept,-0.5118192882840713,0.38158472629067786,-1.3012072824999998,0.23587977724999962
76,150,1.39,groupembodied,1.37914013544125,0.30573183979928115,0.75423028175,1.983823205
76,150,1.39,pre_score_z,0.481396148924125,0.12145665798504308,0.24670906050000002,0.72451689725
76,200,0.15,Intercept,-0.06704363301579122,0.5457996937616206,-1.1712935775,1.0196718324999998
76,200,0.15,groupembodied,0.19823571606026225,0.20893668185774258,-0.20520193775,0.6044189202499999
76,200,0.15,pre_score_z,0.329782360006125,0.09762033473461341,0.1422691975,0.5237232359999998
76,200,0.4,Intercept,-1.0681849905677787,0.48524285592065514,-2.0202046425,-0.10039576352500038
76,200,0.4,groupembodied,0.5968018554842025,0.23252122267042513,0.12942739175,1.0446984799999992
76,200,0.4,pre_score_z,0.4209756845409125,0.10151785339249672,0.22366538625000001,0.62080225525
76,200,0.87,Intercept,0.14700462144303658,0.5493875590858406,-0.92735138425,1.2263541149999997
76,200,0.87,groupembodied,0.858243898662725,0.23084597710244656,0.40882283275,1.3044006049999999
76,200,0.87,pre_score_z,0.3818320477150625,0.096446075036741,0.19621263825,0.5766797862499999
76,200,1.39,Intercept,-0.483076938984471,0.5000809982829905,-1.486565385,0.5267049437499993
76,200,1.39,groupembodied,1.505395125515,0.21378560150383613,1.0828024375,1.9281210974999996
76,200,1.39,pre_score_z,0.3012692681391375,0.08789171779822769,0.13286737725,0.4767567059999999
77,100,0.15,Intercept,0.39430610645415626,0.50961351169525,-0.6049149185,1.4088547724999998
77,100,0.15,groupembodied,0.2933272924645837,0.27761885719223506,-0.24735637024999996,0.8363945567499992
77,100,0.15,pre_score_z,0.21758096927873113,0.15296928731284568,-0.07941392142499999,0.522806807
77,100,0.4,Intercept,-0.4931598860763891,0.4972261075282283,-1.4767061725,0.4792460989999999
77,100,0.4,groupembodied,0.703951461323965,0.37902726768923606,-0.05788117972499999,1.4374793099999998
77,100,0.4,pre_score_z,0.5577069802899625,0.15978053033813674,0.24747899825,0.8705578277499996
77,100,0.87,Intercept,0.32389061113608636,0.5930275411005747,-0.89135648375,1.4884550474999996
77,100,0.87,groupembodied,0.6609638560950875,0.2697863593446316,0.12277319925000003,1.1893194750000002
77,100,0.87,pre_score_z,0.29731882266525,0.11248807867084724,0.07840382067500001,0.5173801157499999
77,100,1.39,Intercept,-0.63481533877124,0.6000427675193211,-1.8415915925,0.5361133315000001
77,100,1.39,groupembodied,1.45110707811625,0.31203644882921733,0.8246491645,2.04215336
77,100,1.39,pre_score_z,0.27971595654268,0.1221667907163593,0.03782633532500001,0.5201661849999999
77,150,0.15,Intercept,-0.256096974255323,0.4709865913935467,-1.1694131825,0.7148473214999999
77,150,0.15,groupembodied,0.12090744440813987,0.21782742417831488,-0.305362963,0.5502751335
77,150,0.15,pre_score_z,0.4174732288575,0.09652745576969353,0.23205704325,0.6088264097499996
77,150,0.4,Intercept,-0.065036071256625,0.29429707940666266,-0.6552294285,0.5260105642499999
77,150,0.4,groupembodied,0.16888859609525964,0.2687183562056807,-0.35172740049999995,0.7101258284999997
77,150,0.4,pre_score_z,0.20408582245354787,0.09711636234644741,0.011884839000000001,0.39674133925
77,150,0.87,Intercept,0.08249148973890437,0.4194132910966947,-0.7267030102499998,0.8985564834999987
77,150,0.87,groupembodied,0.6296379584703362,0.2631451831482176,0.13518030700000003,1.1459113875000002
77,150,0.87,pre_score_z,0.4096763933734375,0.12140895054549203,0.16976180675,0.6453966717499999
77,150,1.39,Intercept,-0.15830266828262998,0.6106472932558624,-1.4010545724999999,0.9966024154999997
77,150,1.39,groupembodied,1.38413158696375,0.252248419085448,0.8920695155,1.8785545225
77,150,1.39,pre_score_z,0.25766867381640873,0.11341068595940307,0.0362576746,0.47965411424999993
77,200,0.15,Intercept,-0.2579197792908775,0.3733763999334409,-0.9804109942499999,0.49112319949999955
77,200,0.15,groupembodied,0.23547479917807002,0.19678429496705063,-0.15034938374999998,0.6177231217499997
77,200,0.15,pre_score_z,0.39044581096495,0.09373865661631045,0.20618886525000002,0.5753421147499997
77,200,0.4,Intercept,-0.26195566142898785,0.2901104826541869,-0.824989984,0.32095585924999986
77,200,0.4,groupembodied,0.2822566149927,0.20503860691498038,-0.11930953475,0.6850318919999998
77,200,0.4,pre_score_z,0.32601481071634125,0.09877457242865137,0.13366334300000002,0.52474229025
77,200,0.87,Intercept,-0.6347567340040007,0.5078721621809619,-1.6402901875,0.3956835627499983
77,200,0.87,groupembodied,0.815033028371875,0.21560521163962867,0.39487449225,1.236122365
77,200,0.87,pre_score_z,0.37874992257385,0.10322586165034071,0.17537548275,0.5798163224999997
77,200,1.39,Intercept,0.16664582027462152,0.38059362904080024,-0.59190940175,0.9112262644999991
77,200,1.39,groupembodied,1.68254086422,0.25182321264017077,1.1930469850000003,2.1673636499999995
77,200,1.39,pre_score_z,0.394414474549375,0.1088993939131378,0.18635681075000002,0.6159463854999998
78,100,0.15,Intercept,0.08631797290962,0.3747305632778172,-0.66560426,0.8401712919999994
78,100,0.15,groupembodied,0.18256527331211,0.2932319940795207,-0.3818563195,0.75068227125
78,100,0.15,pre_score_z,0.144015292647945,0.17032751042759559,-0.184137059,0.47496446324999997
78,100,0.4,Intercept,0.36273273022754937,0.5359315065416282,-0.7331371762500001,1.3961936024999997
78,100,0.4,groupembodied,0.4126361307030341,0.2992282845205858,-0.18833921874999998,0.9927892354999999
78,100,0.4,pre_score_z,0.3294792889280675,0.1351346376955065,0.0629159467,0.5981666067499998
78,100,0.87,Intercept,0.7493611967000225,0.5294175401679511,-0.3458822175,1.7707613324999998
78,100,0.87,groupembodied,0.6683953147851625,0.3003851941226505,0.05910668885000006,1.2517498425
78,100,0.87,pre_score_z,0.1639862814818369,0.11862735264376788,-0.06707827209999999,0.39999301299999984
78,100,1.39,Intercept,-0.2579423730236341,0.6180826181770297,-1.4866363100000002,0.9421614289999999
78,100,1.39,groupembodied,1.218429313570625,0.2952364104376903,0.63058647,1.7922110924999997
78,100,1.39,pre_score_z,0.3174576204325125,0.11779791363466141,0.08354520915000001,0.5531484057499996
78,150,0.15,Intercept,0.3235920158635406,0.48567576461683704,-0.6539517985,1.2646288799999983
78,150,0.15,groupembodied,0.4443515514351725,0.2418598356869349,-0.03308282432499999,0.9110471914999998
78,150,0.15,pre_score_z,0.22490604582548926,0.10921005415384553,0.012026899425000005,0.44098959725
78,150,0.4,Intercept,-0.44375678146838565,0.4778160943006056,-1.4217336,0.4893702287499999
78,150,0.4,groupembodied,0.2779803080790475,0.24809830759608548,-0.216133579,0.7617655432499995
78,150,0.4,pre_score_z,0.34370140797869875,0.12309406197473088,0.09701419300000001,0.5818698095
78,150,0.87,Intercept,-0.21101653244670748,0.5995255182774168,-1.419384315,0.9693210492499986
78,150,0.87,groupembodied,0.8681345600458925,0.2642835427922416,0.34032839725,1.3854802275
78,150,0.87,pre_score_z,0.3635261850566725,0.11710563176070951,0.13331197625,0.5941215387500001
78,150,1.39,Intercept,-0.45115715203588364,0.4423954421119263,-1.3398860099999998,0.42431088649999993
78,150,1.39,groupembodied,1.327695357185,0.2602624903803576,0.8176578092500001,1.8358149774999997
78,150,1.39,pre_score_z,0.21879559890617276,0.12026902969107675,-0.014733566449999997,0.45943680975
78,200,0.15,Intercept,-0.45591657919595374,0.44717388589684365,-1.3180131625,0.43145842874999873
78,200,0.15,groupembodied,0.259124507107578,0.2120126289803322,-0.15653779599999998,0.6822656755
78,200,0.15,pre_score_z,0.4850367208575,0.09462861820418322,0.30233380825000006,0.6743346434999999
78,200,0.4,Intercept,-0.8075465755831075,0.5626677362483792,-1.9333209525,0.3031870657499996
78,200,0.4,groupembodied,0.2675234836764119,0.2747555108903306,-0.27755895625000004,0.8164648084999998
78,200,0.4,pre_score_z,0.327830640605625,0.09048941734913944,0.1526915255,0.507248264
78,200,0.87,Intercept,-0.13102813035590788,0.6169662549518833,-1.34161018,1.1199593799999994
78,200,0.87,groupembodied,0.69458807274264,0.21514145331096562,0.27181969500000003,1.11421259
78,200,0.87,pre_score_z,0.2229769942142425,0.10304881120369659,0.023975972475,0.42763272550000003
78,200,1.39,Intercept,0.5504646127561562,0.45523474459016194,-0.34729600925,1.4566513124999994
78,200,1.39,groupembodied,1.39676105218875,0.2606627281637445,0.868074061,1.8941568274999998
78,200,1.39,pre_score_z,0.5174963559625,0.10393996043364294,0.31496371075,0.7239387789999999
79,100,0.15,Intercept,0.523114757216385,0.2807324794745861,-0.03178240622499999,1.078524055
79,100,0.15,groupembodied,-0.21085551326897292,0.2948403328548735,-0.80567584975,0.3629689639999999
79,100,0.15,pre_score_z,0.25489105185527877,0.12093918545234743,0.01753950812500001,0.4979916357499999
79,100,0.4,Intercept,-0.35795726540364886,0.4190043975617009,-1.1810694125,0.4644083147499997
79,100,0.4,groupembodied,0.19003711724258426,0.26276494425637514,-0.3349185475,0.7173071979999998
79,100,0.4,pre_score_z,0.31940859545435,0.11115179785206013,0.10397434200000001,0.5400597624999999
79,100,0.87,Intercept,-0.05145767270820002,0.611803789540783,-1.27561699,1.1764256699999989
79,100,0.87,groupembodied,0.652954593670175,0.2474439240289818,0.1685457095,1.1289486899999999
79,100,0.87,pre_score_z,0.20604936077484895,0.10914136389101647,-0.007648030712499999,0.4244351014999998
79,100,1.39,Intercept,-0.5262105994604412,0.4699755034384211,-1.485689095,0.40146535699999986
79,100,1.39,groupembodied,1.2165732488586876,0.3730616874282896,0.4497274655,1.924030022499999
79,100,1.39,pre_score_z,0.3158325294987925,0.15992520195589033,0.004706808097500003,0.6335731859999993
79,150,0.15,Intercept,0.38820921535653036,0.4435900146939962,-0.5155279175,1.2469747525
79,150,0.15,groupembodied,0.24143651950035014,0.23644652636735922,-0.22108435799999998,0.7093536652499995
79,150,0.15,pre_score_z,0.242020201260152,0.11544461390080023,0.015095927300000003,0.46863136524999993
79,150,0.4,Intercept,-0.2549440196183585,0.5106651607353896,-1.254437685,0.7760956922499987
79,150,0.4,groupembodied,0.7023517858852838,0.262629279422934,0.18345728149999999,1.21909465
79,150,0.4,pre_score_z,0.25352860968369123,0.12266940504075934,0.02089541965,0.49891483999999986
79,150,0.87,Intercept,0.2764402325841397,0.5070987922159245,-0.7694877685,1.2687115249999994
79,150,0.87,groupembodied,0.381917213409025,0.2937784033056149,-0.194973555,0.9845609402499997
79,150,0.87,pre_score_z,0.39255246036925,0.10887718440680647,0.17813780375,0.6079290714999996
79,150,1.39,Intercept,-0.14123561517752875,0.4329008469721384,-0.98819104275,0.7321485627499998
79,150,1.39,groupembodied,1.31913731735375,0.24510387277492265,0.82712971975,1.7975013224999998
79,150,1.39,pre_score_z,0.3373155269184875,0.09692036460610383,0.151655546,0.5288490772499999
79,200,0.15,Intercept,-0.78199250741333,0.37564301830839536,-1.536518175,-0.032212996675000174
79,200,0.15,groupembodied,0.1953827869155125,0.21520734461213162,-0.22841144749999998,0.6172858152499995
79,200,0.15,pre_score_z,0.0809740812742255,0.0943705378274381,-0.10100684774999999,0.26773968374999996
79,200,0.4,Intercept,-0.44566083732740885,0.5645597307347571,-1.54853441,0.674681169
79,200,0.4,groupembodied,0.589453699820175,0.21212495807222173,0.159516404,1.004400295
79,200,0.4,pre_score_z,0.28757040315584126,0.08785219028159809,0.11672981650000001,0.46360072575
79,200,0.87,Intercept,-0.6866423807232875,0.35415276198536016,-1.3879304399999999,0.025686320024999203
79,200,0.87,groupembodied,0.980120078295,0.17886416905806046,0.62761429375,1.3336011449999996
79,200,0.87,pre_score_z,0.315093620012375,0.0824360999464604,0.15509155425,0.47763593024999995
79,200,1.39,Intercept,-0.16598111571392396,0.45030136768796447,-1.0717878524999997,0.7222480627499998
79,200,1.39,groupembodied,1.23855740866545,0.25199393437395967,0.72465264825,1.7243294699999991
79,200,1.39,pre_score_z,0.3464921435729625,0.10265222081870432,0.15146445674999998,0.55402814125
80,100,0.15,Intercept,-0.9544591966027375,0.5216675139148139,-1.9757226775,0.10680572574999989
80,100,0.15,groupembodied,0.1812554920293445,0.27241085436247936,-0.36747543174999997,0.7137041584999999
80,100,0.15,pre_score_z,0.4399907080518375,0.11081932963168821,0.22584567825000001,0.65978355975
80,100,0.4,Intercept,-0.34032749549946,0.4822495044868305,-1.2847876624999999,0.6489475817499996
80,100,0.4,groupembodied,0.026335411138776254,0.30681486014449016,-0.5897001934999999,0.6316524295
80,100,0.4,pre_score_z,0.483784514739125,0.15005630160834707,0.19492774325,0.78660318025
80,100,0.87,Intercept,0.2760304517491964,0.4242180772149513,-0.5675533684999999,1.0987253874999998
80,100,0.87,groupembodied,0.87172542567897,0.314738568881593,0.262764169,1.4912853799999999
80,100,0.87,pre_score_z,0.30668448055402325,0.15191398352992483,0.012357835675000005,0.603377395
80,100,1.39,Intercept,0.0801965010396995,0.4099269620072139,-0.7482077235,0.8897986934999998
80,100,1.39,groupembodied,1.1455193039819125,0.3304122485373396,0.499196114,1.7974038374999999
80,100,1.39,pre_score_z,0.2857493429751751,0.1698065054336447,-0.046106479774999994,0.6274429384999999
80,150,0.15,Intercept,-0.035467486912192835,0.4542236612125124,-0.9474883462499999,0.8583299159999997
80,150,0.15,groupembodied,-0.11105075429015088,0.24586276411207514,-0.58649500425,0.3764021509999999
80,150,0.15,pre_score_z,0.10240751176777725,0.12387384683190404,-0.13971994025,0.34518832999999993
80,150,0.4,Intercept,0.23546847885505262,0.36728564609976705,-0.48269634025,0.9606145254999993
80,150,0.4,groupembodied,0.12493708664667538,0.23842957013957994,-0.3446244147499999,0.5941197107499998
80,150,0.4,pre_score_z,0.3001024154284557,0.10620135228088545,0.0915619587,0.5127800705
80,150,0.87,Intercept,-0.44458557056751036,0.34076266551850193,-1.1249350925,0.23477728774999998
80,150,0.87,groupembodied,0.812677850644325,0.2462061826171195,0.33918447674999996,1.2997804175
80,150,0.87,pre_score_z,0.398100549307275,0.12043970553637842,0.16297153625,0.6384079965
80,150,1.39,Intercept,0.2601732889958727,0.4260476980084212,-0.5891566340000001,1.1064943049999993
80,150,1.39,groupembodied,1.187377147340625,0.2571494202774712,0.6692525444999999,1.6973291174999998
80,150,1.39,pre_score_z,0.5784636529775,0.11323832517450162,0.36442644625000004,0.8061555824999999
80,200,0.15,Intercept,-0.29012616239249023,0.5541006806953276,-1.3789216575,0.8339838852499998
80,200,0.15,groupembodied,0.36399365868787076,0.21846111455635459,-0.06897156277499998,0.8007134419999999
80,200,0.15,pre_score_z,0.22510620008676374,0.10924972327413066,0.008945250432500012,0.43519184749999984
80,200,0.4,Intercept,-0.19759372796547184,0.3968792286489025,-0.9810442355000001,0.5909796259999985
80,200,0.4,groupembodied,0.5405398409155375,0.19340928685332218,0.15567291950000003,0.9233987857499999
80,200,0.4,pre_score_z,0.3338036203515,0.08337362339189575,0.17076556575000001,0.5012194717499999
80,200,0.87,Intercept,-0.8419686023414336,0.47460433611183317,-1.7639497775000001,0.13165570724999975
80,200,0.87,groupembodied,0.988715492173375,0.22268839072839897,0.5549926912500001,1.4288141374999999
80,200,0.87,pre_score_z,0.303612118328725,0.09397173125159464,0.12383516400000001,0.4906183514999999
80,200,1.39,Intercept,0.3266770684450322,0.3837886090144977,-0.449420116,1.094667335
80,200,1.39,groupembodied,1.4565447916406125,0.2440711687142674,0.9716525565000002,1.93332302
80,200,1.39,pre_score_z,0.36512091456903373,0.1121664580906514,0.14830976725,0.588582023
81,100,0.15,Intercept,-0.7827263684248663,0.5576530806754058,-1.8855472224999998,0.3244803764999993
81,100,0.15,groupembodied,0.46509612246909,0.29446940858278015,-0.130821466,1.0475673574999993
81,100,0.15,pre_score_z,0.41302984882725,0.125613026461983,0.17373881524999998,0.6652998354999999
81,100,0.4,Intercept,-0.3644230938961037,0.5735165758804844,-1.523450415,0.7652939514999997
81,100,0.4,groupembodied,0.3107340298870725,0.26690999183697495,-0.21296492425000002,0.83470797875
81,100,0.4,pre_score_z,0.14320083209189438,0.11952629768270492,-0.09067941355,0.3775837887499999
81,100,0.87,Intercept,-0.09062752229120884,0.7711079580281851,-1.5999760975,1.4461328174999981
81,100,0.87,groupembodied,0.8201660823271325,0.3650760876696119,0.09056639345,1.529540085
81,100,0.87,pre_score_z,0.4656384577709275,0.16391311683924617,0.14648544400000002,0.791226405
81,100,1.39,Intercept,0.03973802478489878,0.5365016651135356,-1.0339566224999999,1.1005274124999993
81,100,1.39,groupembodied,1.67078142146,0.34591007785775074,1.014701065,2.3683514599999995
81,100,1.39,pre_score_z,0.2569278675111337,0.16909545194825135,-0.0722065224,0.5964141494999995
81,150,0.15,Intercept,0.5829505989899758,0.5697629455164556,-0.5450291895,1.7399246349999995
81,150,0.15,groupembodied,0.04129728313490893,0.2561853402002736,-0.478485583,0.537146053
81,150,0.15,pre_score_z,0.06826495395275411,0.10091773203514055,-0.1271649105,0.26579904525
81,150,0.4,Intercept,-0.562265014123345,0.4673084035119265,-1.4802420699999996,0.3753132299999999
81,150,0.4,groupembodied,0.526667449240645,0.22405074611173179,0.09320846562500001,0.9682910352499998
81,150,0.4,pre_score_z,0.27062446029625875,0.11530720172902793,0.046199107375000006,0.505200739
81,150,0.87,Intercept,0.42805173463823765,0.5640793463298767,-0.65588841175,1.5738532649999997
81,150,0.87,groupembodied,0.48704837521816535,0.26445376580531377,-0.049347946525,0.99363799025
81,150,0.87,pre_score_z,0.31057617384103875,0.11364207765835221,0.09569769040000002,0.5349905039999997
81,150,1.39,Intercept,-0.3741044730249709,0.426575867973132,-1.2402237274999999,0.46171317849999977
81,150,1.39,groupembodied,1.29253251112,0.27387957509457883,0.7574201307499999,1.8330453875
81,150,1.39,pre_score_z,0.334100182101975,0.11971053696439865,0.10397251,0.5697098305
81,200,0.15,Intercept,0.39144299817579614,0.514332132896992,-0.6405150215000001,1.3942705174999999
81,200,0.15,groupembodied,0.09589456484040403,0.2320747086841835,-0.36296671325,0.5467572994999998
81,200,0.15,pre_score_z,0.3176183391661875,0.09582771622926677,0.13319344475,0.5076010084999999
81,200,0.4,Intercept,-1.1216583894897374,0.5987136106827778,-2.3017527049999997,0.11606937924999841
81,200,0.4,groupembodied,0.3925519948466369,0.24861338447383502,-0.08900480547499999,0.895923513
81,200,0.4,pre_score_z,0.25194167907067,0.11100997759686218,0.03885929297500001,0.468205155
81,200,0.87,Intercept,0.03217100280532601,0.26056501474681776,-0.4994216985,0.52709075475
81,200,0.87,groupembodied,0.79037038214525,0.20931504896473851,0.36806626425,1.1962456274999997
81,200,0.87,pre_score_z,0.23987540972055124,0.09936887015071111,0.04654281080000001,0.4369733209999999
81,200,1.39,Intercept,0.3576322668762289,0.6475374106386798,-0.97675182075,1.5816819674999998
81,200,1.39,groupembodied,1.40564334592875,0.22812938107565311,0.958151041,1.8477556225
81,200,1.39,pre_score_z,0.21192497157569487,0.10483648646195456,0.005219555210000001,0.4177428112499998
82,100,0.15,Intercept,-0.18570762374161712,0.38427191311235964,-0.9548994129999999,0.5791746927499994
82,100,0.15,groupembodied,0.48232326338967385,0.35819841534581187,-0.24284370724999998,1.19694143
82,100,0.15,pre_score_z,0.25708990833133977,0.1518166343272231,-0.037128456825,0.5663622497499998
82,100,0.4,Intercept,0.38749114272559376,0.3772156942728486,-0.34492571949999995,1.1332022524999978
82,100,0.4,groupembodied,0.26546455071375624,0.32928354159523676,-0.37572551875,0.9398715827499999
82,100,0.4,pre_score_z,0.09739771221638316,0.13972180273665213,-0.17699905774999997,0.37098828049999977
82,100,0.87,Intercept,-0.05651532011604649,0.424974248985514,-0.90609592775,0.7791013627499999
82,100,0.87,groupembodied,0.7081249531251,0.29418498291945716,0.13388558725,1.2804191325
82,100,0.87,pre_score_z,0.033447178369797624,0.14038508602626304,-0.24233308575,0.3069243582499998
82,100,1.39,Intercept,-0.5443860950720362,0.5004464843818252,-1.5202993175000001,0.46519953449999735
82,100,1.39,groupembodied,1.2080716219342624,0.3056180656613052,0.617912024,1.8217469825000001
82,100,1.39,pre_score_z,0.36688331796324375,0.16073644564631354,0.05760282412500002,0.6872600859999999
82,150,0.15,Intercept,-0.264460498848177,0.5064576367909011,-1.2707273525,0.7537005197499994
82,150,0.15,groupembodied,0.03997137232091604,0.220758255670359,-0.38785654925,0.48102111374999945
82,150,0.15,pre_score_z,0.1070931183917,0.1087340054322947,-0.104055168,0.3201767295
82,150,0.4,Intercept,0.1255333186530575,0.4356554979120549,-0.7008677950000001,0.9963476574999999
82,150,0.4,groupembodied,0.5664522547073875,0.22819437209946172,0.11177029700000002,1.01666875
82,150,0.4,pre_score_z,0.4578839752605,0.10914071274016862,0.24937533650000002,0.6741528269999999
82,150,0.87,Intercept,-0.11553397374601378,0.4891273073865208,-1.0655864925,0.8582966239999995
82,150,0.87,groupembodied,0.9821926084008875,0.2377314856701809,0.52036969125,1.4478094
82,150,0.87,pre_score_z,0.39441860349549,0.10707349230403736,0.18883489125,0.6083289514999999
82,150,1.39,Intercept,0.4874573708923863,0.372194480068203,-0.250343674,1.2300289549999988
82,150,1.39,groupembodied,0.99835222549075,0.23624993990841475,0.54747298075,1.4613822274999995
82,150,1.39,pre_score_z,0.2947584634386375,0.1044860161906042,0.09087320292500001,0.5044070977499999
82,200,0.15,Intercept,-0.3772899472269745,0.4560796820188489,-1.3121256225,0.5012786327499993
82,200,0.15,groupembodied,0.31457388693525873,0.2457493324942445,-0.1669771685,0.799979485749999
82,200,0.15,pre_score_z,0.345417714351725,0.0869342930469083,0.17762793550000003,0.5147799415
82,200,0.4,Intercept,-1.0175288683506312,0.5332043545829097,-2.08238977,0.03577164087499946
82,200,0.4,groupembodied,0.6517239346712125,0.22093185245587033,0.21800252525,1.0804503899999995
82,200,0.4,pre_score_z,0.37597575513488124,0.10578046519311506,0.1691786395,0.588762085
82,200,0.87,Intercept,0.11661067966938425,0.5352357135423426,-0.9369761594999999,1.1791517074999995
82,200,0.87,groupembodied,0.6264071284491876,0.21041054190381564,0.211476689,1.0475890124999998
82,200,0.87,pre_score_z,0.251865151210035,0.0917421149044484,0.07383310315,0.43271376899999997
82,200,1.39,Intercept,-0.29815119775036186,0.5060435647649443,-1.26510277,0.7514709017499996
82,200,1.39,groupembodied,1.324051290107125,0.23214298834535252,0.85857213775,1.7837031149999998
82,200,1.39,pre_score_z,0.14725954913559763,0.10988993884982397,-0.06784595604999999,0.3592140429999999
83,100,0.15,Intercept,-0.231373033032776,0.4833141832285246,-1.2023722849999998,0.7180689309999992
83,100,0.15,groupembodied,-0.22337826851513062,0.3394171603862141,-0.8845008084999999,0.452750557
83,100,0.15,pre_score_z,0.4100318972650775,0.15026426013949334,0.1145318575,0.7097581924999998
83,100,0.4,Intercept,1.079239289299065,0.49714825749632086,0.06157174572500009,2.0304517325
83,100,0.4,groupembodied,0.30634800737498286,0.3052159851446681,-0.2907575012499999,0.90732909675
83,100,0.4,pre_score_z,0.32010462572026627,0.16159687028513275,-9.708509939999978e-4,0.647551924
83,100,0.87,Intercept,-0.3592057241257905,0.5442379757896972,-1.4397486525,0.7355831077499999
83,100,0.87,groupembodied,0.5725363774151138,0.35770937137123077,-0.13997135175,1.28650675
83,100,0.87,pre_score_z,0.3838394665284525,0.16886625445362474,0.057868643525,0.7196466194999998
83,100,1.39,Intercept,-1.0203917480057325,0.5471540275138568,-2.1090185249999998,0.08643732999999955
83,100,1.39,groupembodied,1.36940219299375,0.31946514645927737,0.739246611,2.0116452649999994
83,100,1.39,pre_score_z,0.37331516171157375,0.1623723944856003,0.056071737975,0.6960466565
83,150,0.15,Intercept,0.19771578169421686,0.4881657465160716,-0.797942622,1.1693678799999991
83,150,0.15,groupembodied,0.27118408825415485,0.25518537313215905,-0.23021282949999997,0.7756348087499998
83,150,0.15,pre_score_z,0.24105908671916876,0.12516728379468234,0.001142747099250005,0.48970772249999983
83,150,0.4,Intercept,-0.1488957659535466,0.5622310382803002,-1.2845770200000002,0.9337594857499998
83,150,0.4,groupembodied,0.896696022478125,0.25650623517247384,0.40168486025,1.4094059199999998
83,150,0.4,pre_score_z,0.2933692027874275,0.11488028268726581,0.07075141639999999,0.5185154739999998
83,150,0.87,Intercept,-0.30391170129679923,0.6702911359010648,-1.6698306824999998,1.0017512699999997
83,150,0.87,groupembodied,1.31534504042,0.2529387561550784,0.8129752315000001,1.8202964649999998
83,150,0.87,pre_score_z,0.3122905006710275,0.12633680825011878,0.06271284335,0.5617321449999997
83,150,1.39,Intercept,-0.9327552203279862,0.44877284463455036,-1.8063278125,-0.031983801800000086
83,150,1.39,groupembodied,1.31729318480825,0.2600511014591894,0.80269753575,1.8391103324999998
83,150,1.39,pre_score_z,0.345177528987285,0.11321556510266864,0.12216187475,0.5675121675
83,200,0.15,Intercept,-0.1069715744296925,0.459557777829898,-1.00652087,0.8198142479999999
83,200,0.15,groupembodied,-0.11883730604753363,0.18935082778122486,-0.48345979749999995,0.25314375449999993
83,200,0.15,pre_score_z,0.26502021857525,0.08885414835157239,0.092102648225,0.44293459374999994
83,200,0.4,Intercept,-0.1028019609535175,0.5257960346275021,-1.1162203849999999,0.9462733297499991
83,200,0.4,groupembodied,0.30804047956407127,0.22287790298078022,-0.13562371925,0.736322887
83,200,0.4,pre_score_z,0.289137279186445,0.0948113008739404,0.1055922385,0.4765172062499999
83,200,0.87,Intercept,0.20058963178424863,0.4855803349224022,-0.77873658275,1.161796234999999
83,200,0.87,groupembodied,0.4725554883524308,0.21196120828651369,0.059758578425,0.8947121229999999
83,200,0.87,pre_score_z,0.3311314281500162,0.10170504900867329,0.12984821075000003,0.53031477950000006
83,200,1.39,Intercept,-0.0997667775340562,0.5920699021005247,-1.3137215425,1.0679502174999997
83,200,1.39,groupembodied,1.34673569801375,0.20837479524711627,0.9419173072500001,1.7664277799999992
83,200,1.39,pre_score_z,0.4311888151635,0.0908466157362786,0.25642435,0.6105129925
84,100,0.15,Intercept,0.64028717373699,0.4479406322690338,-0.2549173454999999,1.5410618274999999
84,100,0.15,groupembodied,0.2311207359117545,0.2775503886376163,-0.3233173265,0.78338829525
84,100,0.15,pre_score_z,0.2763499054636625,0.10606864843408761,0.07558821562500001,0.4915578127499997
84,100,0.4,Intercept,0.19415410792520627,0.38459132570761784,-0.5900378405,0.9459947787499999
84,100,0.4,groupembodied,0.15957624451870775,0.2667883524238086,-0.37134688474999994,0.6793456159999999
84,100,0.4,pre_score_z,0.2711003259347,0.11585903351164656,0.046305576825,0.49982688425000005
84,100,0.87,Intercept,-0.1509636376744807,0.6795060539117374,-1.5398205075,1.177896494999999
84,100,0.87,groupembodied,0.689772061297675,0.25987539368420365,0.17279701325000002,1.1929616749999998
84,100,0.87,pre_score_z,0.410643475342125,0.11951885156554581,0.1852826425,0.6494878039999998
84,100,1.39,Intercept,0.788969513759327,0.6518434535850449,-0.51698937475,2.0666551775
84,100,1.39,groupembodied,0.834451918739675,0.32161290978820445,0.17182690625000002,1.4729201724999996
84,100,1.39,pre_score_z,0.336404871565085,0.13570510354346102,0.072697307075,0.6043475407500001
84,150,0.15,Intercept,-0.12180719338960264,0.5501876205382048,-1.20378782,0.978302955999999
84,150,0.15,groupembodied,-0.20862349944222489,0.23604678240023363,-0.67986178025,0.2572146694999999
84,150,0.15,pre_score_z,0.29502526184314587,0.11709318360956904,0.068140497025,0.5281629569999998
84,150,0.4,Intercept,-0.23614924192165812,0.6488501348432818,-1.5099037549999998,1.0591372575
84,150,0.4,groupembodied,0.2165230421238175,0.2961329707348557,-0.37993499374999995,0.8030132562499996
84,150,0.4,pre_score_z,0.4083694255825875,0.13072853394565614,0.15308602825,0.6648029065
84,150,0.87,Intercept,-0.7665039389974575,0.61245803494705775,-2.0293501525,0.4639264459999998
84,150,0.87,groupembodied,1.060649085475375,0.26877464102090504,0.52484616675,1.589593165
84,150,0.87,pre_score_z,0.39966783293025,0.11449942515438626,0.17778566125,0.6252101049999995
84,150,1.39,Intercept,-0.27859399427272874,0.6508867212335724,-1.5684247749999998,1.0182522324999994
84,150,1.39,groupembodied,1.340905796817625,0.25420759692971845,0.8326094925,1.8181429499999995
84,150,1.39,pre_score_z,0.218478155173385,0.10323658706862504,0.017971727625000006,0.42058228049999996
84,200,0.15,Intercept,-0.1119178961399205,0.3250782798465702,-0.77459331125,0.5135509429999993
84,200,0.15,groupembodied,0.15466198274076962,0.19630737191990683,-0.23783129075,0.5457544307499997
84,200,0.15,pre_score_z,0.383574262644525,0.08582861067332463,0.21847869575,0.554811564
84,200,0.4,Intercept,0.1959395742229375,0.3713345585747266,-0.552869617,0.9227979119999997
84,200,0.4,groupembodied,0.20664406767920213,0.23031106614452074,-0.26049940825,0.655556592749999
84,200,0.4,pre_score_z,0.120773458878909,0.09104797258885171,-0.058053772249999996,0.2996630014999999
84,200,0.87,Intercept,-0.5955601814163225,0.46092239043573835,-1.509816345,0.3316486954999993
84,200,0.87,groupembodied,0.909332358000675,0.269615760554193,0.36206961225,1.4271204024999997
84,200,0.87,pre_score_z,0.21018738549425126,0.0971623769103466,0.022206774950000004,0.40468139324999997
84,200,1.39,Intercept,-0.2501033231778656,0.32698524629239584,-0.899339843,0.3994446414999996
84,200,1.39,groupembodied,1.26859999582625,0.21414091288024029,0.8391213497500001,1.6883862225
84,200,1.39,pre_score_z,0.379214092665625,0.09940041519335464,0.1835017975,0.57655178675
85,100,0.15,Intercept,-0.693184519147765,0.6226014794623133,-1.9219160499999999,0.5580339249999999
85,100,0.15,groupembodied,0.5464776670124739,0.3259297805190879,-0.10331456899999998,1.1764841975
85,100,0.15,pre_score_z,0.53478372345625,0.15168727813075658,0.24561698825,0.8357371124999999
85,100,0.4,Intercept,0.08911346681888503,0.5841250554263981,-1.0855020325,1.2215418099999997
85,100,0.4,groupembodied,0.3855438397263641,0.3271911163996252,-0.24501208099999994,1.0411827274999998
85,100,0.4,pre_score_z,0.076320861108832,0.13192003007370734,-0.18141454324999998,0.3316981574999999
85,100,0.87,Intercept,-0.8562538290388437,0.5815458912781318,-2.007487255,0.2920928067499987
85,100,0.87,groupembodied,0.4994175294517379,0.34338732378499764,-0.17361426949999997,1.176552714999999
85,100,0.87,pre_score_z,0.39914955820105374,0.1491889823335697,0.10922359850000002,0.6998629157499996
85,100,1.39,Intercept,-0.3559473365358959,0.5010851925717884,-1.3307333774999999,0.6692012884999994
85,100,1.39,groupembodied,1.37577936551375,0.2977538416584633,0.76678277175,1.9534656074999999
85,100,1.39,pre_score_z,0.11963868022219629,0.13596432208280163,-0.14601629575,0.3943540222499999
85,150,0.15,Intercept,-0.6118312254899602,0.3700642638780967,-1.367049655,0.1266042164999999
85,150,0.15,groupembodied,0.31391377061515885,0.2247270202970759,-0.12721679124999996,0.7624656080000001
85,150,0.15,pre_score_z,0.49415823234625,0.10832770299368678,0.28326731475,0.7113161502500001
85,150,0.4,Intercept,-0.16844072274085745,0.5637726677288597,-1.27222056,0.9856142252499998
85,150,0.4,groupembodied,0.34317839474912726,0.22737035296481856,-0.10068069774999999,0.7905917589999999
85,150,0.4,pre_score_z,0.136787739737996,0.10333575574663349,-0.06691405045,0.3446708404999998
85,150,0.87,Intercept,-0.36355798712061016,0.4532380816789557,-1.2740872849999998,0.5337551889999995
85,150,0.87,groupembodied,1.039917287769625,0.2726728765244965,0.5085228442499999,1.5904013224999993
85,150,0.87,pre_score_z,0.473774073517,0.1357924800769515,0.2141965335,0.744290471
85,150,1.39,Intercept,-0.05571242842235325,0.36024163405415444,-0.7772682632499999,0.6708269137499999
85,150,1.39,groupembodied,1.17950712882375,0.24047945924646472,0.7046787415,1.6471052549999998
85,150,1.39,pre_score_z,0.3392746186125625,0.107936409499813,0.12518470675,0.55393097275
85,200,0.15,Intercept,-1.0482319788687313,0.33055876229046627,-1.693425965,-0.38532614125000053
85,200,0.15,groupembodied,0.722877987404375,0.2083468149709619,0.306662637,1.1235047525000001
85,200,0.15,pre_score_z,0.281819924547875,0.10098136216586401,0.08900415277500001,0.4806220899999999
85,200,0.4,Intercept,0.0798923423491809,0.3635785239399537,-0.65041246525,0.7905255354999999
85,200,0.4,groupembodied,0.3189662375842738,0.24186999674342755,-0.16793699599999998,0.7971950784999999
85,200,0.4,pre_score_z,0.43714781738075,0.08863919238281885,0.26828721825,0.6109620215
85,200,0.87,Intercept,-1.0958657688345737,0.702795673090651,-2.4753811324999995,0.3421659032499992
85,200,0.87,groupembodied,0.996651401834125,0.22923062163146915,0.54779473675,1.4338879499999997
85,200,0.87,pre_score_z,0.21873636574232375,0.09584681854103382,0.03523653987500003,0.41281997575
85,200,1.39,Intercept,-0.1496356468678474,0.32768743390189803,-0.79892493775,0.511874666
85,200,1.39,groupembodied,1.3613831016075,0.22824500069005346,0.92366968525,1.8110252249999998
85,200,1.39,pre_score_z,0.34724655066735,0.10777006086781424,0.13786124575,0.5616841937499999
86,100,0.15,Intercept,-0.246672081967345,0.6197413265977786,-1.44992727,1.0134559699999999
86,100,0.15,groupembodied,0.380228930361377,0.2981349265889299,-0.20124077475,0.9674188634999998
86,100,0.15,pre_score_z,0.08880233184048787,0.1518879018506257,-0.2024079495,0.3918807869999999
86,100,0.4,Intercept,-0.3148807109627659,0.5039942488539307,-1.3150092875,0.7001381935000001
86,100,0.4,groupembodied,0.40013603888107074,0.29705508339250314,-0.17743442124999997,0.9819079654999997
86,100,0.4,pre_score_z,0.31290336597971125,0.15098641587252534,0.014526787825000002,0.6144314629999998
86,100,0.87,Intercept,0.6098962784958587,0.5351786021900012,-0.488769879,1.651723312499999
86,100,0.87,groupembodied,0.7211050752392925,0.3700288298962551,-0.003912016742499969,1.4641522825
86,100,0.87,pre_score_z,0.2688170681831901,0.14168121392342237,-0.007690830602499987,0.5532334944999999
86,100,1.39,Intercept,-0.4890867004622775,0.4469422474705854,-1.42289545,0.39676482424999987
86,100,1.39,groupembodied,1.73062245561125,0.27733404232657877,1.1809966900000002,2.2716822474999994
86,100,1.39,pre_score_z,0.412338865222725,0.13413732322378769,0.1560074445,0.6843514324999996
86,150,0.15,Intercept,-0.10882571324514036,0.34470102149247767,-0.793731716,0.5702445654999999
86,150,0.15,groupembodied,0.1015224407716635,0.27009354006528546,-0.4344330277499999,0.6267926484999999
86,150,0.15,pre_score_z,0.2626786911472638,0.11189679243638156,0.04653550192500001,0.4796632369999999
86,150,0.4,Intercept,0.3655770442591487,0.5042415226580846,-0.66837970475,1.3622123174999996
86,150,0.4,groupembodied,0.099046531418188,0.24355460100367865,-0.37542053049999996,0.5768177804999997
86,150,0.4,pre_score_z,0.3225795378071875,0.10407240903957074,0.12146562450000001,0.5320133847499999
86,150,0.87,Intercept,-1.2033669621838374,0.44081274966823913,-2.0764546449999997,-0.3228786787500001
86,150,0.87,groupembodied,0.640548938733725,0.24938890715642326,0.15428390325,1.1357433699999997
86,150,0.87,pre_score_z,0.3571696309635,0.10999593408010314,0.14179908949999998,0.5742485114999999
86,150,1.39,Intercept,-0.35611272913694375,0.502936697094045,-1.35015242,0.6308517172499996
86,150,1.39,groupembodied,1.26410069204,0.24656641759639367,0.78065228125,1.7412512
86,150,1.39,pre_score_z,0.24449459856654712,0.12348947709402418,0.003213291795000002,0.48565114374999985
86,200,0.15,Intercept,-0.026323282139288025,0.4694108662472737,-0.97583872925,0.8956708914999992
86,200,0.15,groupembodied,-0.04753010128546164,0.18471530360784003,-0.40840712225000003,0.3156828629999998
86,200,0.15,pre_score_z,0.22758187842526376,0.08631679886570946,0.05905237285000001,0.40002126974999996
86,200,0.4,Intercept,0.4736816364566209,0.4307572091739742,-0.3794823425,1.33558271
86,200,0.4,groupembodied,0.2557737916881746,0.18903193735630194,-0.1211463585,0.6177853324999999
86,200,0.4,pre_score_z,0.38821273265399997,0.08763835274895095,0.220732955,0.5620872219999999
86,200,0.87,Intercept,-0.80812036319936,0.44279768818846804,-1.7212563674999999,0.08332873987499972
86,200,0.87,groupembodied,0.89816764786975,0.2096172117192891,0.49394528475,1.3184457724999998
86,200,0.87,pre_score_z,0.339642758917875,0.09085068484072192,0.16299966074999997,0.51820101525
86,200,1.39,Intercept,-0.39922278907805375,0.33871287776327585,-1.0735684150000002,0.2733461904999996
86,200,1.39,groupembodied,1.36579597339625,0.22158848946646875,0.91775392375,1.7912746425
86,200,1.39,pre_score_z,0.43012562132375,0.0946996323227184,0.24186727624999999,0.6134136012499999
87,100,0.15,Intercept,0.1556476396372995,0.5288864639182588,-0.88314843125,1.21830304
87,100,0.15,groupembodied,0.134642513985685,0.2785868416197352,-0.41681136950000003,0.6787871792499998
87,100,0.15,pre_score_z,0.298219680411085,0.12513222278541103,0.057761259174999996,0.5408272255
87,100,0.4,Intercept,-0.14193083766045528,0.46090399773707,-1.076582795,0.7777103764999999
87,100,0.4,groupembodied,0.4770005899121825,0.3199941460977978,-0.17080157299999998,1.1088696674999996
87,100,0.4,pre_score_z,0.2736527760475475,0.11659151040609338,0.04838038247500002,0.5094926824999999
87,100,0.87,Intercept,-1.5263372204625,0.34050224851322797,-2.1987187175000003,-0.8577971357500003
87,100,0.87,groupembodied,1.48956195065525,0.2932396112987888,0.9096901025,2.0755917175
87,100,0.87,pre_score_z,0.39645766796675,0.14504110016848434,0.11316198375000001,0.6838269147499999
87,100,1.39,Intercept,0.06409337637369587,0.39943748727266365,-0.73683556875,0.876512341
87,100,1.39,groupembodied,1.444395960885625,0.30484612998807686,0.82579146825,2.03899395
87,100,1.39,pre_score_z,0.2779716122035279,0.12210392886151615,0.03849183115000001,0.5219722947499998
87,150,0.15,Intercept,-0.2500469482100775,0.5102715516874403,-1.2772682825000001,0.7438916087499994
87,150,0.15,groupembodied,0.1853073213662835,0.20975513328492137,-0.221925874,0.6004377914999999
87,150,0.15,pre_score_z,0.33998496342741125,0.10484954421191608,0.134862159,0.5482315894999998
87,150,0.4,Intercept,-0.18854791749695876,0.39512708973684824,-0.99653534825,0.5911491944999999
87,150,0.4,groupembodied,0.5303976619924338,0.22704931897295239,0.07881968620000002,0.9737817177499998
87,150,0.4,pre_score_z,0.35039128845125,0.09626886664328753,0.16403948975,0.53785124125
87,150,0.87,Intercept,0.02255149402163284,0.5530601393238296,-1.0674063875000002,1.1422022374999994
87,150,0.87,groupembodied,0.72182216522045,0.2640989400547051,0.20247437000000001,1.2419904199999998
87,150,0.87,pre_score_z,0.424310450206625,0.11292444164681655,0.20128679175,0.6491354009999999
87,150,1.39,Intercept,0.23541633736728126,0.5928302681237562,-0.96612027675,1.3978596224999995
87,150,1.39,groupembodied,1.75287766375625,0.25981243432487855,1.2306282275,2.247406834999999
87,150,1.39,pre_score_z,0.25120577346394934,0.1134807357184445,0.03326141935000001,0.47818374249999984
87,200,0.15,Intercept,0.06865326970431912,0.24140265416961068,-0.40864803474999994,0.5496288752499998
87,200,0.15,groupembodied,0.0088390475773,0.1817477190769656,-0.34290124474999994,0.3699258239999999
87,200,0.15,pre_score_z,0.12458034242688687,0.08771719816983115,-0.0465824179,0.29875439199999987
87,200,0.4,Intercept,-0.26607614057563,0.4949313414822561,-1.2838215624999998,0.7382919509999999
87,200,0.4,groupembodied,0.323537533133143,0.23953757517476512,-0.1450043195,0.7868649467499998
87,200,0.4,pre_score_z,0.287973588155945,0.10989367123419239,0.07378333635,0.5077216819999999
87,200,0.87,Intercept,0.023304748769702777,0.5718658122635063,-1.1408107650000001,1.1185100149999991
87,200,0.87,groupembodied,0.944089051089625,0.23591401472752419,0.4911369015,1.4188073474999996
87,200,0.87,pre_score_z,0.455857308251125,0.10552357557774225,0.25192956499999997,0.6655965102499999
87,200,1.39,Intercept,-0.22245647654057502,0.5765562781734298,-1.406365655,0.9289239399999991
87,200,1.39,groupembodied,1.0003841248883,0.2627516626140606,0.47469475675,1.5110169575
87,200,1.39,pre_score_z,0.351092738385,0.08887902190126346,0.17939835275000002,0.529455704
88,100,0.15,Intercept,1.0859806397218763,0.37634560598933725,0.34038790925,1.846537315
88,100,0.15,groupembodied,-0.13780685358685177,0.2742728951201574,-0.6658091452499999,0.40290376424999996
88,100,0.15,pre_score_z,0.1811218408367584,0.15019989089160396,-0.11302909824999997,0.48178963775
88,100,0.4,Intercept,-0.28202356640013115,0.46377355279931903,-1.2193692674999999,0.6439659085
88,100,0.4,groupembodied,-0.007081411071674878,0.29809791946906905,-0.605077226,0.5750846882499994
88,100,0.4,pre_score_z,0.3699091008650375,0.14334650198652685,0.09354389427499998,0.6540415879999998
88,100,0.87,Intercept,-0.639566058347512,0.4549455397186852,-1.5646706725000001,0.2451245144999998
88,100,0.87,groupembodied,1.155785683519125,0.33295958809576237,0.49659456375000005,1.808966755
88,100,0.87,pre_score_z,0.419709900418425,0.1497644953290309,0.13509975124999998,0.71792535675
88,100,1.39,Intercept,0.27223615101834,0.8469311578839664,-1.38680429,1.9100383499999998
88,100,1.39,groupembodied,1.41745204480125,0.32401897862167883,0.783877165,2.0476346399999996
88,100,1.39,pre_score_z,0.4787606401321,0.17156179057303203,0.14176532050000001,0.8200261459999999
88,150,0.15,Intercept,-0.7314363974331025,0.41307349141771826,-1.5583837875,0.09457898579999992
88,150,0.15,groupembodied,0.3154795097607505,0.2852222317129666,-0.26140748524999996,0.8744608354999999
88,150,0.15,pre_score_z,0.3490066783883625,0.10785621168267526,0.13966148175,0.5633172312499998
88,150,0.4,Intercept,0.24726853085780126,0.4072505491355674,-0.5749099584999999,1.0575936674999997
88,150,0.4,groupembodied,0.6605557820882549,0.22242759269215528,0.23244653875000004,1.0975425499999998
88,150,0.4,pre_score_z,0.12102640721890641,0.10046577452012685,-0.078642694675,0.31693485599999993
88,150,0.87,Intercept,0.32979443012031034,0.4966726194749806,-0.6818334162499999,1.3305501174999999
88,150,0.87,groupembodied,0.880815623792875,0.23348734429915022,0.42731912950000006,1.3466166049999997
88,150,0.87,pre_score_z,0.446588347304,0.11681694800311596,0.22177967625,0.6773554974999998
88,150,1.39,Intercept,-0.8619891976357238,0.3689298866622242,-1.5904699924999999,-0.12161866874999999
88,150,1.39,groupembodied,1.41842749906625,0.23296513113527142,0.96269601950000006,1.8797241575
88,150,1.39,pre_score_z,0.2383333158883375,0.10669444810948014,0.02905085510000001,0.4495981892499999
88,200,0.15,Intercept,0.24934557623240775,0.3332357653400236,-0.40859967249999996,0.918410051
88,200,0.15,groupembodied,-0.012011028527555749,0.2401571785140629,-0.49623709074999994,0.45109881099999966
88,200,0.15,pre_score_z,0.44297770361075,0.10429242163975919,0.24026550424999998,0.65086340825
88,200,0.4,Intercept,-0.6934631746859999,0.4410411523077487,-1.6027595175,0.17385908774999956
88,200,0.4,groupembodied,0.5748527361083625,0.18957004767387056,0.20406577199999998,0.94935138675
88,200,0.4,pre_score_z,0.19816295603315712,0.09577223542625839,0.01253799355,0.38691958074999994
88,200,0.87,Intercept,0.06276691783605624,0.4511771808511415,-0.8391856737500001,0.9452314539999995
88,200,0.87,groupembodied,0.916681742788125,0.20159830731016937,0.5211005165,1.3098498175
88,200,0.87,pre_score_z,0.4108067178030375,0.10118393411395095,0.213173822,0.61384440875
88,200,1.39,Intercept,-0.6146424338868463,0.4499543295469586,-1.5295836124999997,0.28701069174999977
88,200,1.39,groupembodied,1.34514455973375,0.2091688533552022,0.9325532092500001,1.757712275
88,200,1.39,pre_score_z,0.337543497829685,0.09682452618138372,0.150045345,0.5272449092499999
89,100,0.15,Intercept,0.6103468202410876,0.4278719659204779,-0.24716821399999994,1.4418033549999993
89,100,0.15,groupembodied,-0.10675808327360752,0.28798251404930103,-0.6806738285,0.45335391599999975
89,100,0.15,pre_score_z,0.34102949269402977,0.13979507259120222,0.064663100375,0.61621377775
89,100,0.4,Intercept,0.1694872187539137,0.4814688649628278,-0.79420629525,1.1569097474999992
89,100,0.4,groupembodied,0.1629414334811375,0.27049787553529353,-0.36279997424999993,0.7058269749999996
89,100,0.4,pre_score_z,0.3166832779956425,0.13399823107610082,0.059648542975,0.5843281519999999
89,100,0.87,Intercept,-0.5105414499216547,0.4803819271729718,-1.466428485,0.4437057529999999
89,100,0.87,groupembodied,1.10147665968675,0.31816239165508825,0.4761279945000001,1.7303853924999997
89,100,0.87,pre_score_z,0.3265017767057834,0.13743112504155136,0.05799160032500002,0.6016432037499998
89,100,1.39,Intercept,-0.547912970215255,0.34570229358825344,-1.2400245099999998,0.16260542349999985
89,100,1.39,groupembodied,1.27789935417375,0.26475150673782466,0.7456298965,1.7892464524999996
89,100,1.39,pre_score_z,0.26747463694279827,0.12466690975562895,0.024855999550000007,0.5145838174999999
89,150,0.15,Intercept,-0.17063340901015564,0.41907804555640615,-0.9836130292499999,0.6769197735
89,150,0.15,groupembodied,0.1775421793041239,0.24356118677105146,-0.31006624499999996,0.6596505797499996
89,150,0.15,pre_score_z,0.36939212032795,0.11534942824650093,0.14447381175,0.5984867147499998
89,150,0.4,Intercept,0.2545391860021987,0.3430512130265706,-0.44581218874999995,0.934774044
89,150,0.4,groupembodied,0.21228016252041,0.2097968775762489,-0.20480046999999998,0.6305958879999999
89,150,0.4,pre_score_z,0.2189603154374565,0.09665185063664147,0.027964953,0.4113954005
89,150,0.87,Intercept,-0.7900446716359586,0.7254380887142295,-2.2229279875,0.6672397102499974
89,150,0.87,groupembodied,0.6580237798117214,0.28431251800381263,0.069829322025,1.2038845199999992
89,150,0.87,pre_score_z,0.2739978547471425,0.11280396054682851,0.05570547742500001,0.4989165584999999
89,150,1.39,Intercept,-0.5518857559090424,0.38661548509578536,-1.3321972424999997,0.2158156192499999
89,150,1.39,groupembodied,1.42636716639875,0.2634230448723596,0.8999191875,1.95201922
89,150,1.39,pre_score_z,0.4061560907343125,0.1157353264657804,0.17978300375,0.6303119759999998
89,200,0.15,Intercept,-0.21685417542777624,0.5618160153326983,-1.32094595,0.9321504077499999
89,200,0.15,groupembodied,0.20159583817335,0.19483832918442623,-0.1829972287499999,0.5782157844999994
89,200,0.15,pre_score_z,0.24486773371051,0.09747207364070024,0.05191829212500001,0.43610414599999997
89,200,0.4,Intercept,0.7923059623442962,0.48105805661885337,-0.17884646775,1.6985362725
89,200,0.4,groupembodied,0.3252864244061566,0.21973734151316976,-0.11842307325,0.7552028725
89,200,0.4,pre_score_z,0.229361158209425,0.10322811573852642,0.0253303332,0.43394522024999993
89,200,0.87,Intercept,-0.794133727184495,0.46678795924507727,-1.7104234175000002,0.16537915999999953
89,200,0.87,groupembodied,0.9388771820625,0.2155623294792342,0.5067054655000001,1.365675145
89,200,0.87,pre_score_z,0.4529738117745,0.10033393864425173,0.25701976774999996,0.6507386775
89,200,1.39,Intercept,-1.25751091071905,0.5695793189796997,-2.3970719149999997,-0.09806581167500068
89,200,1.39,groupembodied,1.60607493154375,0.23979827272291418,1.13232544,2.0804348850000003
89,200,1.39,pre_score_z,0.464634342310625,0.10736603070342594,0.2567362635,0.6766009945000001
90,100,0.15,Intercept,-0.5513819261329604,0.4661529359503687,-1.4832512675,0.36394509249999984
90,100,0.15,groupembodied,0.013106257022872131,0.2718350494087361,-0.53225252875,0.5397135342499996
90,100,0.15,pre_score_z,0.4087345291173375,0.12573075140484952,0.1657046695,0.6577456924999999
90,100,0.4,Intercept,-0.22894057188520167,0.5414990625037632,-1.2867423075,0.8490485527499974
90,100,0.4,groupembodied,0.412730922938045,0.29741383218977757,-0.17337887275000002,1.0077834374999999
90,100,0.4,pre_score_z,0.37404006866241135,0.1538080656517671,0.082793987725,0.6806496472499999
90,100,0.87,Intercept,0.15194944654155124,0.6088961613275865,-1.042428365,1.3765136474999997
90,100,0.87,groupembodied,0.599006524050675,0.3340005911259421,-0.07014723689999997,1.2692537924999994
90,100,0.87,pre_score_z,0.4279110101449275,0.1502345056495287,0.13537852850000004,0.7258946692499999
90,100,1.39,Intercept,-0.008169157582663516,0.43632511609554153,-0.91242943175,0.852675568
90,100,1.39,groupembodied,1.39818866562,0.3098343670131561,0.7952155212500001,2.0066211774999996
90,100,1.39,pre_score_z,0.20659163545666698,0.14755922467766525,-0.08727712687499999,0.49564389775
90,150,0.15,Intercept,-0.10873578431342128,0.49573096531070304,-1.0855644375,0.8529140922499998
90,150,0.15,groupembodied,0.3749323631032202,0.23975730416082663,-0.085127868325,0.8498011774999998
90,150,0.15,pre_score_z,0.33987985342779,0.14205315374182736,0.0660181308,0.6277223852499999
90,150,0.4,Intercept,-0.8854597845160538,0.4661666035597443,-1.8203171849999997,0.04664870669999993
90,150,0.4,groupembodied,0.431277669624675,0.2680130607042573,-0.10943950949999999,0.9513607742499999
90,150,0.4,pre_score_z,0.3740777503091125,0.11726571973799028,0.14981077450000002,0.6078977007499999
90,150,0.87,Intercept,-0.17954293259327886,0.6064300296460373,-1.411051065,1.0217037349999996
90,150,0.87,groupembodied,0.6259686077793375,0.29156050127031957,0.031158468600000024,1.1975775249999996
90,150,0.87,pre_score_z,0.30088822160704126,0.11606864485895578,0.072705212225,0.531447234
90,150,1.39,Intercept,0.02185263071052187,0.5576626527973577,-1.0758746575,1.1358755249999997
90,150,1.39,groupembodied,1.185270435836,0.3122238357223428,0.548267963,1.7857764999999999
90,150,1.39,pre_score_z,0.2907268301484625,0.10735116970380228,0.08313803445,0.505308062
90,200,0.15,Intercept,0.20165692140905775,0.6211566655718157,-1.0446995649999997,1.46329938
90,200,0.15,groupembodied,0.18330484147023213,0.2324238017876417,-0.28368332524999995,0.63681634375
90,200,0.15,pre_score_z,0.19681097069655212,0.1048423689468252,-0.0085908136225,0.40823254675
90,200,0.4,Intercept,-0.7066908563154484,0.671033860689223,-2.0380008975,0.6405185399999992
90,200,0.4,groupembodied,0.4235829554636521,0.336696129398079,-0.24570674974999998,1.0882403774999994
90,200,0.4,pre_score_z,0.49534096688525,0.10899825105704124,0.28595187075,0.7102131774999999
90,200,0.87,Intercept,-0.047358074867768746,0.48637754671016736,-1.0175045125,0.8992308002499994
90,200,0.87,groupembodied,0.5840631574957822,0.23354952166800716,0.110714611,1.0355243625
90,200,0.87,pre_score_z,0.2949937642948375,0.09723867953718432,0.10517825950000001,0.48707410100000004
90,200,1.39,Intercept,-0.5089107173350162,0.6402356448798976,-1.781840525,0.7553319409999987
90,200,1.39,groupembodied,1.4086361812125,0.24336423331814622,0.91301191525,1.8731634374999997
90,200,1.39,pre_score_z,0.3353915570717,0.10307014241139864,0.13424572275,0.5418694365
91,100,0.15,Intercept,-0.2500449654592385,0.6778385355084968,-1.584573145,1.0945814049999996
91,100,0.15,groupembodied,0.3487329665150241,0.3248044686548984,-0.29893089824999997,0.9786159782499998
91,100,0.15,pre_score_z,0.2703035150585835,0.15374442022036586,-0.03238551102499999,0.5727647659999999
91,100,0.4,Intercept,-0.7490798100218369,0.5175097001109118,-1.7781873925,0.2617284937499999
91,100,0.4,groupembodied,0.8063167131434625,0.29867042083688927,0.22831792,1.4074803674999998
91,100,0.4,pre_score_z,0.18655380345280378,0.1515445417674011,-0.11012084574999999,0.49081792324999984
91,100,0.87,Intercept,-0.255748825822035,0.463599288179113,-1.1940251324999998,0.6503258502499996
91,100,0.87,groupembodied,0.942967552545875,0.29187869642290903,0.3847263105,1.5192416125
91,100,0.87,pre_score_z,0.21309973016278264,0.13203946718216727,-0.048740512725,0.4750596264999999
91,100,1.39,Intercept,-0.48450261427015573,0.6562878099309739,-1.803952765,0.797705862
91,100,1.39,groupembodied,1.6239652003869751,0.30929492704119277,0.9978050225,2.2036593699999996
91,100,1.39,pre_score_z,0.34180041041374876,0.1456367042160305,0.06095920502500002,0.6292376899999998
91,150,0.15,Intercept,-0.0059577797098860534,0.5400583589011967,-1.107490615,1.0434435824999992
91,150,0.15,groupembodied,-0.10374972270594224,0.24786154036179883,-0.60160897775,0.38955500099999996
91,150,0.15,pre_score_z,0.3632038946888613,0.11003695860973658,0.147217086,0.58332934075
91,150,0.4,Intercept,-0.2525388636449317,0.39414199480358403,-1.0406365800000001,0.5286027552499999
91,150,0.4,groupembodied,0.2878524321402804,0.25619011705328587,-0.224489803,0.7846465569999997
91,150,0.4,pre_score_z,0.345646046343575,0.10950073438991789,0.13307330475000004,0.56322435325
91,150,0.87,Intercept,-0.24846264551894162,0.48879341639046764,-1.2448856025,0.7198376029999991
91,150,0.87,groupembodied,0.6095879990716125,0.23716199409334254,0.1431768605,1.081631102499999
91,150,0.87,pre_score_z,0.3208787938097875,0.1016063346581932,0.1253255885,0.5182474635000001
91,150,1.39,Intercept,0.17023625174194373,0.41812392750357025,-0.6741168375000001,0.9911088549999992
91,150,1.39,groupembodied,1.4163218775425,0.2476000125310472,0.93656195025,1.91200037
91,150,1.39,pre_score_z,0.4121465705439375,0.10786171567545287,0.2024794515,0.6274568945
91,200,0.15,Intercept,0.13650212495581124,0.5089579516651107,-0.86731474025,1.1791391899999992
91,200,0.15,groupembodied,0.21806764592312125,0.1845684373316882,-0.14446986625,0.5876019145
91,200,0.15,pre_score_z,0.3938222976935,0.0833261543682782,0.23666797125000003,0.5596883725
91,200,0.4,Intercept,-0.047156308091723456,0.47271552984306586,-0.9945023285000001,0.8880177089999994
91,200,0.4,groupembodied,0.5325681880493875,0.23285906809598642,0.06924716269999999,0.9897219835
91,200,0.4,pre_score_z,0.40528394335075,0.10257585913991527,0.20944499625000002,0.6075990767499998
91,200,0.87,Intercept,-0.38039554530923997,0.5259974277859656,-1.4003080175000002,0.6731856409999988
91,200,0.87,groupembodied,0.7401868862104,0.21059042301103295,0.31768524825,1.149297165
91,200,0.87,pre_score_z,0.3945808487975,0.08850170194726881,0.2238254195,0.5726048965
91,200,1.39,Intercept,-0.2850468855259325,0.46582100282197775,-1.22060176,0.6320793027499996
91,200,1.39,groupembodied,1.39205507183,0.2198133444286046,0.97537792725,1.825865315
91,200,1.39,pre_score_z,0.3890978991283125,0.10715655013262529,0.1763933755,0.6019550244999999
92,100,0.15,Intercept,-0.5665437674209562,0.43687086519323287,-1.42116544,0.30012906574999976
92,100,0.15,groupembodied,-0.06872207917183387,0.3011849148209334,-0.6577458467499999,0.530350751
92,100,0.15,pre_score_z,0.1414466324650369,0.1367001402234103,-0.12407074625,0.41696292874999996
92,100,0.4,Intercept,-0.14812914249311038,0.6282178067017185,-1.4211698324999997,1.0931230274999997
92,100,0.4,groupembodied,0.6236161609415725,0.3370727219216327,-0.03649018477499999,1.2893431349999995
92,100,0.4,pre_score_z,0.16061764968942085,0.15087085534227088,-0.13578674575000002,0.46144361299999975
92,100,0.87,Intercept,-0.6595521723885465,0.4458462541382519,-1.5341775625,0.23438791649999846
92,100,0.87,groupembodied,1.30331336396375,0.27866663440428663,0.7566654300000001,1.8542263124999994
92,100,0.87,pre_score_z,0.08298018120704387,0.11784578440134681,-0.148260105,0.3141049632499999
92,100,1.39,Intercept,-0.4085570041527446,0.49170111362844254,-1.4025881,0.5652847969999996
92,100,1.39,groupembodied,1.264349100602625,0.303155963805915,0.66963381575,1.8668177
92,100,1.39,pre_score_z,0.33224328678256126,0.14396711232626824,0.05721227997500001,0.6219430509999999
92,150,0.15,Intercept,-0.524757484347493,0.6530413496334389,-1.830610375,0.7634901072499986
92,150,0.15,groupembodied,0.2012233791175778,0.22581412385827487,-0.24972087874999999,0.6513852714999999
92,150,0.15,pre_score_z,0.404010770389375,0.11095344648416672,0.18625999725000003,0.6192772939999995
92,150,0.4,Intercept,0.317546301038987,0.5315412828918348,-0.747657749,1.3677750924999996
92,150,0.4,groupembodied,0.3498552134634462,0.25219297128503465,-0.14666482624999996,0.8499908752499998
92,150,0.4,pre_score_z,0.399143674334575,0.11703672052571237,0.16929406625,0.6255017365
92,150,0.87,Intercept,-0.41305004546776325,0.3838139323665665,-1.1667579300000002,0.36519864374999966
92,150,0.87,groupembodied,1.0136160865875,0.20928411774859312,0.600798813,1.4233910524999993
92,150,0.87,pre_score_z,0.1706298654984295,0.09952972848784215,-0.025407917149999994,0.3703712749999999
92,150,1.39,Intercept,0.8268944813570975,0.4652181605109967,-0.08736024137499994,1.7517744074999992
92,150,1.39,groupembodied,0.9762191922985,0.2506117898347677,0.47720691225,1.4761681400000002
92,150,1.39,pre_score_z,0.23989791013791126,0.11562409449961168,0.01696073220000002,0.46758933874999964
92,200,0.15,Intercept,0.150744244267857,0.3590806691425729,-0.5789742397500001,0.8614564257499999
92,200,0.15,groupembodied,0.11455060328349975,0.18167104227167924,-0.2434472835,0.4681810442499998
92,200,0.15,pre_score_z,0.3582652773513375,0.0904824760060934,0.18099043425,0.5369313884999997
92,200,0.4,Intercept,-0.7827299835961725,0.4193180005032677,-1.595878635,0.07372522147499973
92,200,0.4,groupembodied,0.4251438416747487,0.2083390947315128,0.016557369475000007,0.8287173297499997
92,200,0.4,pre_score_z,0.2741108584940212,0.09919680918460831,0.07755457015,0.46572610024999994
92,200,0.87,Intercept,-0.10790467499162275,0.3756557871366486,-0.8427705257499999,0.63429181775
92,200,0.87,groupembodied,0.9573668251705,0.20508944009972774,0.5542358485000001,1.3575035299999998
92,200,0.87,pre_score_z,0.3848705196518,0.0901357248127332,0.2130189775,0.560363324
92,200,1.39,Intercept,-0.8774062258206987,0.7667744969645044,-2.3919144325,0.6441987069999988
92,200,1.39,groupembodied,1.96215371676625,0.25366784828575956,1.46928509,2.4618750999999994
92,200,1.39,pre_score_z,0.4986445019825,0.10738405875902268,0.2928747215,0.7113908187499999
93,100,0.15,Intercept,-0.31890013875623235,0.5056332963063935,-1.32227526,0.6911473007499997
93,100,0.15,groupembodied,0.18983691450804063,0.2695669689261903,-0.3584925255,0.7117628822499996
93,100,0.15,pre_score_z,0.2070621811584585,0.14081218917885627,-0.0693409758,0.48971306049999985
93,100,0.4,Intercept,-0.8444227893292375,0.31701320376062825,-1.4914893024999998,-0.21216584100000033
93,100,0.4,groupembodied,0.39366833698896875,0.24545112708248468,-0.09752682744999999,0.8730543779999996
93,100,0.4,pre_score_z,0.4054283997879125,0.11330769657585497,0.18837600450000003,0.63236401375
93,100,0.87,Intercept,0.12685918418849437,0.5319357183023384,-0.95347222625,1.1747166074999997
93,100,0.87,groupembodied,0.7909066895878625,0.2785354136454437,0.2417223645,1.3312914774999993
93,100,0.87,pre_score_z,0.66802869994,0.12274377239726111,0.43231684574999996,0.9159502509999997
93,100,1.39,Intercept,0.5697133240971962,0.6111029152175131,-0.65669722175,1.7974807024999966
93,100,1.39,groupembodied,1.051913690977045,0.3307038968811309,0.3931881715,1.693361245
93,100,1.39,pre_score_z,0.18031766667808263,0.1528437139089372,-0.12159182175,0.4855628114999997
93,150,0.15,Intercept,-1.0390773291428188,0.2894645865770295,-1.6325201225,-0.45521188650000005
93,150,0.15,groupembodied,0.14574171520163473,0.25299133503279236,-0.3565916095,0.6413306969999999
93,150,0.15,pre_score_z,0.265626983728214,0.13594555190919647,-0.0019197098649999993,0.537584781
93,150,0.4,Intercept,-0.45127087731993,0.6273436564820092,-1.7145623175,0.7826578547499995
93,150,0.4,groupembodied,0.38004347949157374,0.224855658760843,-0.06551247187499999,0.8179671517499999
93,150,0.4,pre_score_z,0.22932231737577752,0.10514718894642781,0.026063982525000008,0.43420951775
93,150,0.87,Intercept,0.2924774485791856,0.4097038960923595,-0.5223903397499998,1.1125848774999996
93,150,0.87,groupembodied,0.943096664293125,0.24103208354615274,0.45704145650000005,1.41847884
93,150,0.87,pre_score_z,0.6150813402075,0.10906654988825555,0.40477779975,0.8344189934999999
93,150,1.39,Intercept,0.19293800420222126,0.44080654969771504,-0.6885197715000001,1.0763868174999998
93,150,1.39,groupembodied,0.87267625726355,0.28695467560045274,0.303131026,1.4460213275
93,150,1.39,pre_score_z,0.342687097095675,0.11168980960525132,0.1262194435,0.5641509232499998
93,200,0.15,Intercept,-0.4527455147276425,0.39312068984166404,-1.2156767175000003,0.32632043849999925
93,200,0.15,groupembodied,0.02750887009188351,0.19435261637592435,-0.34569937575,0.40639804874999996
93,200,0.15,pre_score_z,0.3467745388005,0.09902279115839922,0.15210218974999998,0.5425807799999999
93,200,0.4,Intercept,-0.40658104727211575,0.483394674731562,-1.3879724125000001,0.5297886324999995
93,200,0.4,groupembodied,0.38763421791900377,0.19974158680818768,0.001609031038000026,0.7772083912499999
93,200,0.4,pre_score_z,0.28388863563529376,0.09449232513088092,0.10074208375,0.47400025025
93,200,0.87,Intercept,-0.9929592790281925,0.5198006640446169,-2.00909296,0.05215180792499984
93,200,0.87,groupembodied,1.17078451466,0.21611404880668586,0.74965648625,1.6010673349999998
93,200,0.87,pre_score_z,0.24584624518189913,0.1026263400110997,0.044318394250000004,0.44997394549999997
93,200,1.39,Intercept,-0.804031964076895,0.305963916981418,-1.4255614075,-0.20165781275000003
93,200,1.39,groupembodied,1.22234600657625,0.2169548205277444,0.7980301062499999,1.6408524875
93,200,1.39,pre_score_z,0.29091451865005,0.09139858302666361,0.115257726,0.472292699
94,100,0.15,Intercept,-0.264146017198649,0.4412520079974216,-1.1376483800000001,0.6352869729999995
94,100,0.15,groupembodied,0.22301379136919058,0.2731366497362988,-0.30614350724999995,0.7634241224999996
94,100,0.15,pre_score_z,0.22322925757926396,0.1634723282018189,-0.0875911564,0.5530858112499999
94,100,0.4,Intercept,-0.04078755615825999,0.5038977284491688,-1.0553883425,0.9463218547499994
94,100,0.4,groupembodied,0.09470051542210638,0.2809620718781442,-0.455083267,0.6533798839999997
94,100,0.4,pre_score_z,0.323221787811225,0.12936850433110852,0.068581165575,0.57804384175
94,100,0.87,Intercept,0.11614719353762724,0.6012662756515954,-1.1140963525,1.2803661575
94,100,0.87,groupembodied,0.5096252663170062,0.34746776922860717,-0.16125670549999999,1.1113923599999995
94,100,0.87,pre_score_z,0.3896828156498875,0.13765650408707536,0.12734955475,0.6619870209999997
94,100,1.39,Intercept,-0.029740154385375722,0.4925237298788191,-1.0198994125,0.9479886259999979
94,100,1.39,groupembodied,1.5353992668444625,0.3437805460184011,0.8515089072500001,2.1904480299999998
94,100,1.39,pre_score_z,0.40687418869957503,0.16619693483587766,0.08740146165,0.7407754474999999
94,150,0.15,Intercept,0.517315149348595,0.3639359053009029,-0.22535438075000003,1.23288246
94,150,0.15,groupembodied,0.06310532295568588,0.2555875597877379,-0.43254644249999996,0.56995637825
94,150,0.15,pre_score_z,0.465880529151875,0.12744915070464666,0.21801812774999998,0.715979462
94,150,0.4,Intercept,-0.5523786048625543,0.6167213142192486,-1.771034035,0.6778408992499998
94,150,0.4,groupembodied,0.47954605618730123,0.24995864205586643,-0.007180520787499981,0.9631670394999997
94,150,0.4,pre_score_z,0.3666893168914671,0.11584073048535716,0.137778394,0.5939147995
94,150,0.87,Intercept,-0.852719590834435,0.6154698277974985,-2.059604195,0.3858079317499994
94,150,0.87,groupembodied,1.280336398786125,0.2695396017032223,0.7602395275000001,1.80731803
94,150,0.87,pre_score_z,0.3573849296616375,0.12297713501811776,0.12433145425,0.5999167519999998
94,150,1.39,Intercept,-0.7168762375210288,0.522715632693233,-1.73006263,0.35909215399999816
94,150,1.39,groupembodied,1.35618397424375,0.2641847974984602,0.8455354669999999,1.8803341774999995
94,150,1.39,pre_score_z,0.51281587720675,0.13333887848531922,0.2570156235,0.7752104417499998
94,200,0.15,Intercept,-0.6853039123550075,0.41797747070265684,-1.512764015,0.16358741399999915
94,200,0.15,groupembodied,0.28019740952358874,0.21297248857993667,-0.1485458375,0.6910073062499998
94,200,0.15,pre_score_z,0.34401335802025,0.08620031010619314,0.17504634725,0.516608482
94,200,0.4,Intercept,0.2758984180533075,0.494906066608836,-0.7194991079999999,1.2385182099999992
94,200,0.4,groupembodied,0.4498935301732125,0.1983780329370783,0.060774155200000006,0.8361095157499998
94,200,0.4,pre_score_z,0.324127162494825,0.08922289043299778,0.15023685074999998,0.50288868475
94,200,0.87,Intercept,0.21291894938483752,0.4976428851231331,-0.80369275275,1.1618352924999993
94,200,0.87,groupembodied,0.931336059855625,0.21277234887450122,0.4948171495,1.3375633124999997
94,200,0.87,pre_score_z,0.380130318550875,0.08521796119572579,0.21809507050000002,0.551493643
94,200,1.39,Intercept,-0.8787348681170125,0.3681138639505654,-1.6018397000000002,-0.1491798850000001
94,200,1.39,groupembodied,1.66659789099125,0.2336543480556181,1.1785380250000002,2.1165419724999994
94,200,1.39,pre_score_z,0.15348130240555688,0.09449662123483576,-0.029644326549999996,0.34397450874999996
95,100,0.15,Intercept,0.37406982600501,0.5644649993831323,-0.7219449815,1.5317470774999993
95,100,0.15,groupembodied,-0.20129297768326998,0.26837551786909297,-0.73046285825,0.3263211897499999
95,100,0.15,pre_score_z,0.41791189705452497,0.12721741031710432,0.16611633475,0.6661579484999998
95,100,0.4,Intercept,-0.20378933560425164,0.36187323752599987,-0.916974115,0.5239096889999987
95,100,0.4,groupembodied,0.3721929414227675,0.274011330465125,-0.17762088775,0.9203639372499998
95,100,0.4,pre_score_z,0.31508812842295125,0.11595309048806961,0.09261467429999999,0.54804819825
95,100,0.87,Intercept,-0.6188987821032415,0.46725400953724877,-1.5443496300000001,0.3034528877499999
95,100,0.87,groupembodied,0.735056728720325,0.2823228757675487,0.17793435725,1.2926140449999999
95,100,0.87,pre_score_z,0.20639061287457303,0.13928593484159962,-0.061427059225000004,0.48482690199999995
95,100,1.39,Intercept,-0.2104734380629438,0.6734179920760475,-1.567103125,1.1270851149999999
95,100,1.39,groupembodied,1.39054959634575,0.3157497750568655,0.7802406685000001,2.0237667825
95,100,1.39,pre_score_z,0.4586106861881375,0.14007831701408496,0.186667073,0.7423301617499999
95,150,0.15,Intercept,0.03388906210498117,0.4349031950033847,-0.84924632125,0.8942272025
95,150,0.15,groupembodied,-0.054383383319645255,0.27880966232539584,-0.623057301,0.49994824124999987
95,150,0.15,pre_score_z,0.27920126689607877,0.09509496504600494,0.09382518050000001,0.47025629924999995
95,150,0.4,Intercept,-0.10938011727934474,0.5418420450521854,-1.17734928,0.9599925782499996
95,150,0.4,groupembodied,0.45853504702791875,0.22497193423268874,0.019869635875000017,0.8914922745
95,150,0.4,pre_score_z,0.22306449709967913,0.10629057531944884,0.014080005075000011,0.4312283457499999
95,150,0.87,Intercept,-0.1237672532036412,0.5709296028697401,-1.2343378775,1.0239678099999994
95,150,0.87,groupembodied,1.054520916247375,0.24309108242418406,0.58051687,1.541778375
95,150,0.87,pre_score_z,0.4604953189919,0.12789162147979485,0.21528514425,0.7152296834999999
95,150,1.39,Intercept,-0.9486019193509463,0.7422602230663659,-2.4110035125000002,0.53165532025
95,150,1.39,groupembodied,1.2432339358537388,0.32824659040220067,0.5687767557500001,1.8565481799999997
95,150,1.39,pre_score_z,0.33215579962515,0.1163544744184509,0.10676558750000001,0.5601148544999998
95,200,0.15,Intercept,-0.16330356613241695,0.46481917886958873,-1.0838613375000001,0.7404949757499987
95,200,0.15,groupembodied,0.3252298522801015,0.219580525941439,-0.10249076124999998,0.7671427032499999
95,200,0.15,pre_score_z,0.266093248971325,0.09457982684616299,0.08335418235,0.45295841999999986
95,200,0.4,Intercept,-0.27423251966041096,0.4754783613439841,-1.2207863525,0.6474534044999987
95,200,0.4,groupembodied,0.7055100633978375,0.21776990420105008,0.27100358225000004,1.136728235
95,200,0.4,pre_score_z,0.2845756921431775,0.10396621937891057,0.08120386560000001,0.48959824049999995
95,200,0.87,Intercept,-0.32586820501626246,0.6212389833628311,-1.5939383950000001,0.9094105974999988
95,200,0.87,groupembodied,0.876653874515,0.22478290733703601,0.43574856075,1.3193460124999996
95,200,0.87,pre_score_z,0.23408928850833066,0.11784145587996599,0.006898932612500001,0.46481439199999985
95,200,1.39,Intercept,-0.265633580243998,0.4187631828119224,-1.112722985,0.5420581749999999
95,200,1.39,groupembodied,1.0162661399625,0.20735049474609196,0.6109590915,1.4284085699999998
95,200,1.39,pre_score_z,0.27007916125793124,0.09025989131323763,0.09424324315,0.44722539849999987
96,100,0.15,Intercept,0.1887127963119,0.46577265497566583,-0.7556880054999999,1.1287050599999997
96,100,0.15,groupembodied,0.06728577673673025,0.2854453557602687,-0.5018814345,0.6224356472499998
96,100,0.15,pre_score_z,0.3862539717749375,0.13805423479647372,0.12302041575,0.6573166057499996
96,100,0.4,Intercept,0.28913756563171,0.5375658843005994,-0.79332199075,1.3362482874999995
96,100,0.4,groupembodied,0.6220530825292023,0.3378065597441815,-0.03306391144999999,1.2919376999999999
96,100,0.4,pre_score_z,0.2902611706711225,0.14769602510213556,0.0021419228100000025,0.5840390864999998
96,100,0.87,Intercept,0.49090769935608386,0.4063372213557782,-0.32258206925,1.2855968124999986
96,100,0.87,groupembodied,0.8907144321826812,0.39430663946086664,0.11452007400000001,1.6696096124999997
96,100,0.87,pre_score_z,0.30364905473022435,0.18716746205861326,-0.06457664199999999,0.6737281087499998
96,100,1.39,Intercept,0.30279922278432875,0.5926147804611969,-0.8648656909999999,1.4735340524999998
96,100,1.39,groupembodied,0.9089906419669,0.30063951347074663,0.30613852,1.5012265175000001
96,100,1.39,pre_score_z,0.42432894428469875,0.14239630375877352,0.150205215,0.7090366537499999
96,150,0.15,Intercept,-0.35861316821281614,0.6247172019793404,-1.6082039125,0.9009321934999995
96,150,0.15,groupembodied,0.11021470924916275,0.23328604490943586,-0.34992571124999994,0.5685487019999997
96,150,0.15,pre_score_z,0.31514340166181926,0.1042823917373711,0.10871829475,0.52187878625
96,150,0.4,Intercept,-0.5823158623240694,0.5149537008409731,-1.5989294825000002,0.4655275799999996
96,150,0.4,groupembodied,0.08332261809496574,0.22495875997566303,-0.35952938599999995,0.5303513654999998
96,150,0.4,pre_score_z,0.3248352105494279,0.10686908293726004,0.11742668575000002,0.5362068645
96,150,0.87,Intercept,-0.353266050957988,0.46763542182370965,-1.3019124924999999,0.5717855447499995
96,150,0.87,groupembodied,0.8357823658611875,0.2544730667108758,0.33638238600000003,1.3373408224999999
96,150,0.87,pre_score_z,0.4218487085872875,0.12276122257955772,0.180132605,0.66478679775
96,150,1.39,Intercept,-0.5765005269081952,0.4522273911630703,-1.49697425,0.28219785274999976
96,150,1.39,groupembodied,1.17081590693375,0.21452526557755025,0.74182964075,1.59905478
96,150,1.39,pre_score_z,0.26677123382051376,0.09819221460500016,0.07780633907500001,0.4605238835
96,200,0.15,Intercept,-0.06414566687042722,0.38017952819573414,-0.79093085125,0.6810144797499997
96,200,0.15,groupembodied,0.11503855498283416,0.21887786388580724,-0.31513054324999995,0.5511000522499997
96,200,0.15,pre_score_z,0.31896343172861874,0.09625505265875044,0.12583117300000002,0.50769455125
96,200,0.4,Intercept,-0.2119345404639202,0.44413980640738465,-1.0854855525,0.67783502999999945
96,200,0.4,groupembodied,0.45357657221686976,0.1870735659752417,0.086115276425,0.8212465922499999
96,200,0.4,pre_score_z,0.3339177784753,0.09093580334750126,0.1582141295,0.5140448622499999
96,200,0.87,Intercept,-0.8945246904833113,0.5209252039153647,-1.91298974,0.16507706124999888
96,200,0.87,groupembodied,0.7313829820734725,0.20967258744990255,0.320863711,1.1529354424999996
96,200,0.87,pre_score_z,0.327901105461825,0.09736350992231765,0.13908613199999997,0.5186991782499999
96,200,1.39,Intercept,-0.14154268730640024,0.6143871118643076,-1.3649470174999998,1.0823996549999997
96,200,1.39,groupembodied,1.0103695333925,0.2133412958534271,0.5964672099999999,1.4382131724999996
96,200,1.39,pre_score_z,0.348395632755975,0.10458693465486442,0.14830602925,0.5575881615
97,100,0.15,Intercept,-0.004568258754356496,0.653568128682816,-1.29500911,1.2685262124999996
97,100,0.15,groupembodied,0.056461285971539224,0.2775343725108209,-0.48363710275,0.6069493379999998
97,100,0.15,pre_score_z,0.41755534055555,0.14808340193227856,0.13267718775,0.7160604452499998
97,100,0.4,Intercept,0.05587344967693226,0.5386676366328192,-1.034882695,1.169807762499999
97,100,0.4,groupembodied,0.23502662689110412,0.289840876970226,-0.32705433325,0.80696971025
97,100,0.4,pre_score_z,0.4978655285505125,0.15111031123550805,0.20756390550000003,0.8052311452500001
97,100,0.87,Intercept,-0.2669127339613175,0.29447191918454346,-0.83726918,0.32318175274999955
97,100,0.87,groupembodied,0.17764101916942815,0.2728566730735233,-0.3530472085,0.7191592164999999
97,100,0.87,pre_score_z,0.307158640797265,0.12690678407361855,0.054170429925,0.56609100625
97,100,1.39,Intercept,-0.5318363604316195,0.43082244525183827,-1.3971789825,0.3382692785
97,100,1.39,groupembodied,1.457336595903625,0.35957043946053335,0.72245207675,2.1304906875
97,100,1.39,pre_score_z,0.08788594741837945,0.1542458950900071,-0.21549393925,0.398068455
97,150,0.15,Intercept,0.21210858133932356,0.4058198468810668,-0.6036441134999999,1.0155103374999999
97,150,0.15,groupembodied,0.16309377532991004,0.3175644040379125,-0.467174642,0.7901401225
97,150,0.15,pre_score_z,0.18992540550564124,0.11069620551142921,-0.02501279585,0.40606874974999996
97,150,0.4,Intercept,-0.3353824723591874,0.44548873903349534,-1.2440471174999999,0.5596207714999999
97,150,0.4,groupembodied,0.42656458435025,0.24095535232045337,-0.04902913872499998,0.8973211517499999
97,150,0.4,pre_score_z,0.44916386886825,0.10676719150959979,0.241902791,0.6602298665
97,150,0.87,Intercept,-0.5652166395458896,0.4109099976921152,-1.3699295925000001,0.27142904799999984
97,150,0.87,groupembodied,1.0176890779770376,0.284568439807039,0.4423321975000001,1.5732153074999995
97,150,0.87,pre_score_z,0.3031236144016862,0.12479675527882564,0.054236220125,0.5441353259999998
97,150,1.39,Intercept,-0.5309863184981064,0.6861404271898613,-1.94155938,0.8303312322499996
97,150,1.39,groupembodied,1.294225490037325,0.3692134843210973,0.5351544180000001,1.9888725274999999
97,150,1.39,pre_score_z,0.4166310573864875,0.13739720659834243,0.14862090875,0.6855198477500001
97,200,0.15,Intercept,0.24176790958248795,0.518219335403641,-0.79156269225,1.2825862949999998
97,200,0.15,groupembodied,0.34453888351525475,0.25854240084106067,-0.15631588924999998,0.8665107524999998
97,200,0.15,pre_score_z,0.2748547372570663,0.11040146900457447,0.06269972307500002,0.49541288599999994
97,200,0.4,Intercept,-0.2458542146685095,0.2921802911808984,-0.8292434055000001,0.3392561332499998
97,200,0.4,groupembodied,0.3949187972059206,0.21257561135185657,-0.027591327024999997,0.8111626532499998
97,200,0.4,pre_score_z,0.23759474451589627,0.09936789881543961,0.043427759,0.4372343364999999
97,200,0.87,Intercept,-0.592054094007304,0.40982223766618586,-1.4088744000000002,0.2175636024999999
97,200,0.87,groupembodied,1.088450046560625,0.1929486539687932,0.7146234975,1.4805505775
97,200,0.87,pre_score_z,0.20520227866992163,0.08702070886749749,0.035111485250000005,0.3754424495
97,200,1.39,Intercept,-0.2735710847592812,0.471856407636315,-1.2076231775,0.673798746
97,200,1.39,groupembodied,1.03790563571,0.18773834046501287,0.668792778,1.4152686824999998
97,200,1.39,pre_score_z,0.2386264003667,0.07431685888329462,0.08980773495,0.3853217925
98,100,0.15,Intercept,-0.48943293686268163,0.5132434411515198,-1.5305697125,0.5019780549999994
98,100,0.15,groupembodied,0.3803600171929975,0.29037728249772954,-0.20557927299999998,0.9589154982499987
98,100,0.15,pre_score_z,0.2665171645552925,0.13985997742757386,-0.011716712149999997,0.5458000022499999
98,100,0.4,Intercept,0.10900133806767476,0.4569823717175469,-0.83629744575,0.9842984659999996
98,100,0.4,groupembodied,-0.06814666801721136,0.2872180575927305,-0.6368941705,0.49123200099999986
98,100,0.4,pre_score_z,0.25414347092171063,0.11591027206800833,0.029857057200000002,0.48534145474999996
98,100,0.87,Intercept,-1.0349085477064288,0.623522646945711,-2.2726240724999998,0.19191894974999996
98,100,0.87,groupembodied,1.2688018429,0.3640833712415686,0.5294277780000002,1.9557434724999998
98,100,0.87,pre_score_z,0.47023194889980624,0.14979544726570768,0.17672016299999999,0.766888856
98,100,1.39,Intercept,-0.8106441030231387,0.6938641631620446,-2.1418186225,0.6144912544999981
98,100,1.39,groupembodied,1.31693928881125,0.30602467904674396,0.71025828325,1.9163911525
98,100,1.39,pre_score_z,0.5244553119891625,0.15816239915948305,0.21755779725000005,0.8334863914999998
98,150,0.15,Intercept,-0.3036478567620902,0.4777833969482107,-1.235139305,0.6752451787499999
98,150,0.15,groupembodied,-0.14036571186892674,0.242012958148052,-0.61188099125,0.33538910224999985
98,150,0.15,pre_score_z,0.3703291388647375,0.11073961067362773,0.151586961,0.5867720064999998
98,150,0.4,Intercept,-0.21846521133524,0.38342956169124964,-0.983859759,0.5293084277499983
98,150,0.4,groupembodied,0.8165799291240288,0.2348393712868367,0.34773897025,1.2799284725
98,150,0.4,pre_score_z,0.19570163647428362,0.11794257544959745,-0.032277919725,0.4238624964999997
98,150,0.87,Intercept,0.2734473048520125,0.43486299904487136,-0.60389777625,1.1349210999999997
98,150,0.87,groupembodied,0.7466006950101876,0.27088188866166274,0.19959857950000004,1.2865117775000001
98,150,0.87,pre_score_z,0.416704993743075,0.11087728528443645,0.19921904625,0.6414784609999998
98,150,1.39,Intercept,-0.3723176421162822,0.5766410266425562,-1.5528458299999999,0.74455932175
98,150,1.39,groupembodied,0.91021014945695,0.253956345656287,0.39910110825,1.4027156125
98,150,1.39,pre_score_z,0.4115295330599875,0.10849287077292258,0.2038535175,0.62609710125
98,200,0.15,Intercept,-0.11948031836106873,0.3843215609228701,-0.87719428225,0.6291730534999993
98,200,0.15,groupembodied,-0.07330966754342874,0.21753741596063095,-0.501360538,0.34670137799999995
98,200,0.15,pre_score_z,0.32475229100805,0.10183727144369899,0.12881789675000002,0.5226593532499998
98,200,0.4,Intercept,-0.594486021842875,0.4280715934905091,-1.4418983775,0.2586951254999994
98,200,0.4,groupembodied,0.24697437110722262,0.2214258922539651,-0.18930976375,0.6871425065
98,200,0.4,pre_score_z,0.2831872485562,0.08897844206912381,0.11337765250000001,0.46541944999999996
98,200,0.87,Intercept,-1.1947411962389625,0.30259926755265193,-1.801341535,-0.5754053425000002
98,200,0.87,groupembodied,0.7974252051912063,0.23530756858206958,0.34164836725000003,1.270325625
98,200,0.87,pre_score_z,0.23741385289505862,0.09426511654847228,0.052507919550000004,0.42098161449999993
98,200,1.39,Intercept,-0.2814790854158483,0.5082466854615517,-1.31723324,0.7030889989999999
98,200,1.39,groupembodied,1.26604933936375,0.23478157613275838,0.80399397775,1.7268808574999996
98,200,1.39,pre_score_z,0.34131879306,0.0919358199803161,0.16251210375,0.52424347525
99,100,0.15,Intercept,0.11984493404702991,0.4054200533570134,-0.70021442625,0.9096548334999996
99,100,0.15,groupembodied,-0.3329429155147325,0.2807348435470856,-0.887962751,0.2181839579999994
99,100,0.15,pre_score_z,0.18336911967583214,0.1298747689304592,-0.06891115599999999,0.44062128999999994
99,100,0.4,Intercept,-0.252150363839895,0.6145953597884656,-1.4813525125000002,0.9743795222499996
99,100,0.4,groupembodied,0.6201790814388662,0.3232465837468149,-0.00443263684249997,1.2656454124999998
99,100,0.4,pre_score_z,0.2365324246537665,0.16582621943043616,-0.08308875804999996,0.5658881294999998
99,100,0.87,Intercept,0.010137458782287742,0.3986384110347545,-0.779469459,0.7996594119999989
99,100,0.87,groupembodied,0.569775968582825,0.2547654286744625,0.06893156772500002,1.0614397349999998
99,100,0.87,pre_score_z,0.3186614630374375,0.12925289722469255,0.067977439475,0.5731263384999998
99,100,1.39,Intercept,-0.3463312106807727,0.5531355469560829,-1.4298400025,0.7547187819999998
99,100,1.39,groupembodied,1.1117622173556625,0.3227726327647908,0.46242488550000005,1.7393471649999999
99,100,1.39,pre_score_z,0.2649291112499695,0.13744833258240496,0.0014846684300000024,0.534674027
99,150,0.15,Intercept,-0.8000986476702486,0.5184066113939328,-1.8480429075,0.22918028125
99,150,0.15,groupembodied,0.1666433086035,0.3132259678327123,-0.46237563049999997,0.7793569394999998
99,150,0.15,pre_score_z,0.29723677758334377,0.12258134407502164,0.05125010750000001,0.5396995304999999
99,150,0.4,Intercept,0.6296503948068729,0.4543447406314172,-0.32303941224999994,1.5017377575000002
99,150,0.4,groupembodied,0.10591532547963808,0.23844744024771783,-0.3700207375,0.5753443487499998
99,150,0.4,pre_score_z,0.2923971867050875,0.1244303708044047,0.047057521850000006,0.53861098125
99,150,0.87,Intercept,-0.45124489636667875,0.4742268173966926,-1.3878797375000003,0.5015388645
99,150,0.87,groupembodied,0.5463883214269413,0.2679247056645771,0.007957966970000011,1.0680744449999997
99,150,0.87,pre_score_z,0.64950257635,0.11579406863854552,0.42683371324999997,0.8804369155
99,150,1.39,Intercept,0.339206856250159,0.40331873445795147,-0.47400878974999994,1.13216044
99,150,1.39,groupembodied,1.27142410489625,0.24505777580843482,0.7826795065,1.7383852899999999
99,150,1.39,pre_score_z,0.423038053936,0.11242479776625651,0.20485788000000002,0.6507111145
99,200,0.15,Intercept,-0.5238477841180554,0.40430072157425734,-1.3206827725,0.26547449499999937
99,200,0.15,groupembodied,0.15858637733081976,0.19429954315282996,-0.22364259475,0.5421465529999999
99,200,0.15,pre_score_z,0.17920505942820736,0.10044715147210798,-0.014938947199999988,0.3836204827499999
99,200,0.4,Intercept,-0.298691775905505,0.5088655168650816,-1.319988015,0.6785833027499987
99,200,0.4,groupembodied,0.54753427207505,0.2384818614622907,0.06185196790000001,1.0075577475
99,200,0.4,pre_score_z,0.279186124063425,0.09887321082935213,0.085007382925,0.4757268247499999
99,200,0.87,Intercept,-0.01566431891499279,0.5903545884068189,-1.1954939249999998,1.17235903
99,200,0.87,groupembodied,1.2331275194575,0.26209510701946354,0.67980484275,1.71709372
99,200,0.87,pre_score_z,0.3847588758,0.10346613346868846,0.185324543,0.59159127675
99,200,1.39,Intercept,-0.517026305581125,0.47310593279086316,-1.4808479074999998,0.4277547649999999
99,200,1.39,groupembodied,1.397434791718625,0.2181501494399612,0.96507189025,1.8163775499999997
99,200,1.39,pre_score_z,0.35211688261925,0.09961822382364639,0.16010774875,0.55302047025
100,100,0.15,Intercept,0.31179765130853737,0.34858765708461564,-0.38376380275,0.9901846932499997
100,100,0.15,groupembodied,-0.06241771983088664,0.2907780105853148,-0.62762938,0.5016969019999993
100,100,0.15,pre_score_z,0.3164859886586555,0.13717400245255423,0.051716095975,0.5873535827499998
100,100,0.4,Intercept,-0.91551773985902,0.5770605834370999,-2.0497515525,0.2311636597499997
100,100,0.4,groupembodied,0.2679969348756475,0.29167249235175774,-0.29803002824999997,0.8469277224999998
100,100,0.4,pre_score_z,0.4029306335196087,0.14186183465989402,0.12717075800000002,0.6804720592499998
100,100,0.87,Intercept,-0.4276076994563677,0.6350510775181416,-1.7502172849999997,0.8422439154999999
100,100,0.87,groupembodied,1.257737878676125,0.29568335037026344,0.6855635135000001,1.8404235649999994
100,100,0.87,pre_score_z,0.394664521779025,0.14977633034453697,0.10629214375000004,0.69322566675
100,100,1.39,Intercept,-0.4884369139554299,0.5399431923947025,-1.5796590474999999,0.5830204207499996
100,100,1.39,groupembodied,1.301353158122,0.304885386608341,0.7103078967500001,1.8947436624999998
100,100,1.39,pre_score_z,0.4442513001304125,0.15063763422172818,0.149574264,0.7417008382499999
100,150,0.15,Intercept,-0.11628567897088773,0.650499237442989,-1.397287725,1.1734953975
100,150,0.15,groupembodied,0.3367261230933919,0.27222690680954736,-0.20397032425,0.8722417117499999
100,150,0.15,pre_score_z,0.4284783580943875,0.1349206078297137,0.16593547525000002,0.6951311912499998
100,150,0.4,Intercept,-0.5565372301174287,0.47848878465103745,-1.5107552174999999,0.3980043464999994
100,150,0.4,groupembodied,0.20983033010043073,0.2422287485841156,-0.271275377,0.6975048102499999
100,150,0.4,pre_score_z,0.07250821948887926,0.11744864874143597,-0.1582571445,0.2990036745
100,150,0.87,Intercept,0.31425534229491126,0.644174495262929,-1.0088684374999999,1.5485473324999999
100,150,0.87,groupembodied,0.92570256878775,0.2564616738967577,0.41629812875,1.4312966999999999
100,150,0.87,pre_score_z,0.3614255106460325,0.1456258956794687,0.07788737645,0.6503819374999998
100,150,1.39,Intercept,0.09299474410195628,0.5369792427465463,-1.0075768324999999,1.1545206824999994
100,150,1.39,groupembodied,1.34108147883825,0.2640855013788421,0.82205197875,1.8534547175
100,150,1.39,pre_score_z,0.4136031248409375,0.12262088442723984,0.17807637775,0.6602100252499999
100,200,0.15,Intercept,-0.03534600815641648,0.40467035705238125,-0.828329435,0.7685932689999997
100,200,0.15,groupembodied,-0.1101975646193075,0.21900351172850274,-0.5444909225,0.3153045927499999
100,200,0.15,pre_score_z,0.35476259703775,0.10305653910432902,0.150678641,0.5589795095
100,200,0.4,Intercept,0.20752151669952026,0.5952190595680922,-1.0100798199999999,1.38568411
100,200,0.4,groupembodied,0.8452649127838749,0.25267984269083643,0.3506596925,1.3379735824999999
100,200,0.4,pre_score_z,0.30257663389589623,0.09959447515559976,0.10459795675,0.49911322649999995
100,200,0.87,Intercept,-0.49204080505513925,0.48286771134794176,-1.4709707650000001,0.4799176159999998
100,200,0.87,groupembodied,1.034407669724375,0.20250515109881068,0.6419467910000001,1.4278598249999999
100,200,0.87,pre_score_z,0.22113353912653874,0.10310493581716414,0.023538125975000008,0.42861669849999995
100,200,1.39,Intercept,-0.5851441881472738,0.42676696948087917,-1.4289725450000001,0.26013803199999996
100,200,1.39,groupembodied,1.4241738638574999,0.2326705712199221,0.9648464385000001,1.8937078925
100,200,1.39,pre_score_z,0.2992564651862975,0.10674401809186623,0.09036907402500001,0.50385059625
